Campaign,Campaign Type,Campaign Daily Budget,Bid Strategy Type,Maximum CPC bid limit,Networks,Languages,Location,Ad Group,Keyword,Criterion Type,Final URL,Status
MYCHEF | Search | Private Chef Bali,Search,118000,Maximize clicks,25000,Google search,English,Australia; New Zealand; Singapore; Malaysia; United Arab Emirates; United Kingdom; Netherlands,Private Chef - Core,private chef bali,Exact,https://mychef.id/private-chef-bali,Enabled
MYCHEF | Search | Private Chef Bali,,,,,,,,Private Chef - Core,bali private chef,Exact,https://mychef.id/private-chef-bali,Enabled
MYCHEF | Search | Private Chef Bali,,,,,,,,Private Chef - Core,hire private chef bali,Exact,https://mychef.id/private-chef-bali,Enabled
MYCHEF | Search | Private Chef Bali,,,,,,,,Private Chef - Core,private chef in bali,Exact,https://mychef.id/private-chef-bali,Enabled
MYCHEF | Search | Private Chef Bali,,,,,,,,Private Chef - Core,hire a chef in bali,Exact,https://mychef.id/private-chef-bali,Enabled
MYCHEF | Search | Private Chef Bali,,,,,,,,Private Chef - Core,private chef bali villa,Exact,https://mychef.id/private-chef-bali,Enabled
MYCHEF | Search | Private Chef Bali,,,,,,,,Private Chef - Core,private chef bali,Phrase,https://mychef.id/private-chef-bali,Enabled
MYCHEF | Search | Private Chef Bali,,,,,,,,Private Chef - Core,hire a private chef bali,Phrase,https://mychef.id/private-chef-bali,Enabled
MYCHEF | Search | Private Chef Bali,,,,,,,,Private Chef - Core,bali private chef service,Phrase,https://mychef.id/private-chef-bali,Enabled
MYCHEF | Search | Private Chef Bali,,,,,,,,Private Chef - Core,book private chef bali,Phrase,https://mychef.id/private-chef-bali,Enabled
MYCHEF | Search | Private Chef Bali,,,,,,,,Private Chef - Core,private chef for bali villa,Phrase,https://mychef.id/private-chef-bali,Enabled
MYCHEF | Search | Private Chef Bali,,,,,,,,Private Chef - Core,get a private chef in bali,Phrase,https://mychef.id/private-chef-bali,Enabled
MYCHEF | Search | Private Chef Bali,,,,,,,,Private Chef - Cost,private chef bali cost,Exact,https://mychef.id/private-chef-bali,Enabled
MYCHEF | Search | Private Chef Bali,,,,,,,,Private Chef - Cost,private chef bali price,Exact,https://mychef.id/private-chef-bali,Enabled
MYCHEF | Search | Private Chef Bali,,,,,,,,Private Chef - Cost,bali private chef cost,Exact,https://mychef.id/private-chef-bali,Enabled
MYCHEF | Search | Private Chef Bali,,,,,,,,Private Chef - Cost,private chef bali prices,Exact,https://mychef.id/private-chef-bali,Enabled
MYCHEF | Search | Private Chef Bali,,,,,,,,Private Chef - Cost,how much is a private chef in bali,Exact,https://mychef.id/private-chef-bali,Enabled
MYCHEF | Search | Private Chef Bali,,,,,,,,Private Chef - Cost,private chef bali cost,Phrase,https://mychef.id/private-chef-bali,Enabled
MYCHEF | Search | Private Chef Bali,,,,,,,,Private Chef - Cost,cost of private chef bali,Phrase,https://mychef.id/private-chef-bali,Enabled
MYCHEF | Search | Private Chef Bali,,,,,,,,Private Chef - Cost,private chef bali per day,Phrase,https://mychef.id/private-chef-bali,Enabled
MYCHEF | Search | Private Chef Bali,,,,,,,,Private Chef - Cost,private chef bali rates,Phrase,https://mychef.id/private-chef-bali,Enabled
MYCHEF | Search | Private Chef Bali,,,,,,,,Private Chef - Cost,how much does a private chef cost in bali,Phrase,https://mychef.id/private-chef-bali,Enabled
MYCHEF | Search | Private Chef Bali,,,,,,,,Private Chef - Villa & Daily,villa chef bali,Exact,https://mychef.id/private-chef-bali,Enabled
MYCHEF | Search | Private Chef Bali,,,,,,,,Private Chef - Villa & Daily,bali villa chef,Exact,https://mychef.id/private-chef-bali,Enabled
MYCHEF | Search | Private Chef Bali,,,,,,,,Private Chef - Villa & Daily,private chef for villa bali,Exact,https://mychef.id/private-chef-bali,Enabled
MYCHEF | Search | Private Chef Bali,,,,,,,,Private Chef - Villa & Daily,daily private chef bali,Exact,https://mychef.id/private-chef-bali,Enabled
MYCHEF | Search | Private Chef Bali,,,,,,,,Private Chef - Villa & Daily,live in chef bali,Exact,https://mychef.id/private-chef-bali,Enabled
MYCHEF | Search | Private Chef Bali,,,,,,,,Private Chef - Villa & Daily,villa chef bali,Phrase,https://mychef.id/private-chef-bali,Enabled
MYCHEF | Search | Private Chef Bali,,,,,,,,Private Chef - Villa & Daily,chef for our villa bali,Phrase,https://mychef.id/private-chef-bali,Enabled
MYCHEF | Search | Private Chef Bali,,,,,,,,Private Chef - Villa & Daily,bali villa with private chef,Phrase,https://mychef.id/private-chef-bali,Enabled
MYCHEF | Search | Private Chef Bali,,,,,,,,Private Chef - Villa & Daily,private chef for a week bali,Phrase,https://mychef.id/private-chef-bali,Enabled
MYCHEF | Search | Private Chef Bali,,,,,,,,Private Chef - Villa & Daily,full board private chef bali,Phrase,https://mychef.id/private-chef-bali,Enabled
MYCHEF | Search | Private Chef Bali,,,,,,,,Private Chef - Areas,private chef canggu,Exact,https://mychef.id/private-chef-bali,Enabled
MYCHEF | Search | Private Chef Bali,,,,,,,,Private Chef - Areas,private chef canggu,Phrase,https://mychef.id/private-chef-bali,Enabled
MYCHEF | Search | Private Chef Bali,,,,,,,,Private Chef - Areas,private chef seminyak,Exact,https://mychef.id/private-chef-bali,Enabled
MYCHEF | Search | Private Chef Bali,,,,,,,,Private Chef - Areas,private chef seminyak,Phrase,https://mychef.id/private-chef-bali,Enabled
MYCHEF | Search | Private Chef Bali,,,,,,,,Private Chef - Areas,private chef ubud,Exact,https://mychef.id/private-chef-bali,Enabled
MYCHEF | Search | Private Chef Bali,,,,,,,,Private Chef - Areas,private chef ubud,Phrase,https://mychef.id/private-chef-bali,Enabled
MYCHEF | Search | Private Chef Bali,,,,,,,,Private Chef - Areas,private chef uluwatu,Exact,https://mychef.id/private-chef-bali,Enabled
MYCHEF | Search | Private Chef Bali,,,,,,,,Private Chef - Areas,private chef uluwatu,Phrase,https://mychef.id/private-chef-bali,Enabled
MYCHEF | Search | Private Chef Bali,,,,,,,,Private Chef - Areas,private chef jimbaran,Exact,https://mychef.id/private-chef-bali,Enabled
MYCHEF | Search | Private Chef Bali,,,,,,,,Private Chef - Areas,private chef jimbaran,Phrase,https://mychef.id/private-chef-bali,Enabled
MYCHEF | Search | Private Chef Bali,,,,,,,,Private Chef - Areas,private chef nusa dua,Exact,https://mychef.id/private-chef-bali,Enabled
MYCHEF | Search | Private Chef Bali,,,,,,,,Private Chef - Areas,private chef nusa dua,Phrase,https://mychef.id/private-chef-bali,Enabled
MYCHEF | Search | Private Chef Bali,,,,,,,,Private Chef - Areas,private chef sanur,Exact,https://mychef.id/private-chef-bali,Enabled
MYCHEF | Search | Private Chef Bali,,,,,,,,Private Chef - Areas,private chef sanur,Phrase,https://mychef.id/private-chef-bali,Enabled
MYCHEF | Search | Private Chef Bali,,,,,,,,Private Chef - Areas,private chef berawa,Exact,https://mychef.id/private-chef-bali,Enabled
MYCHEF | Search | Private Chef Bali,,,,,,,,Private Chef - Areas,private chef berawa,Phrase,https://mychef.id/private-chef-bali,Enabled
MYCHEF | Search | Private Chef Bali,,,,,,,,Private Chef - Areas,private chef pererenan,Exact,https://mychef.id/private-chef-bali,Enabled
MYCHEF | Search | Private Chef Bali,,,,,,,,Private Chef - Areas,private chef pererenan,Phrase,https://mychef.id/private-chef-bali,Enabled
MYCHEF | Search | Private Chef Bali,,,,,,,,Private Chef - Areas,private chef umalas,Exact,https://mychef.id/private-chef-bali,Enabled
MYCHEF | Search | Private Chef Bali,,,,,,,,Private Chef - Areas,private chef umalas,Phrase,https://mychef.id/private-chef-bali,Enabled
MYCHEF | Search | Private Chef Bali,,,,,,,,Private Chef - Areas,private chef kerobokan,Exact,https://mychef.id/private-chef-bali,Enabled
MYCHEF | Search | Private Chef Bali,,,,,,,,Private Chef - Areas,private chef kerobokan,Phrase,https://mychef.id/private-chef-bali,Enabled
MYCHEF | Search | Private Chef Bali,,,,,,,,Private Chef - Areas,private chef denpasar,Exact,https://mychef.id/private-chef-bali,Enabled
MYCHEF | Search | Private Chef Bali,,,,,,,,Private Chef - Areas,private chef denpasar,Phrase,https://mychef.id/private-chef-bali,Enabled
MYCHEF | Search | Private Chef Bali,,,,,,,,Private Chef - Areas,private chef bukit,Exact,https://mychef.id/private-chef-bali,Enabled
MYCHEF | Search | Private Chef Bali,,,,,,,,Private Chef - Areas,private chef bukit,Phrase,https://mychef.id/private-chef-bali,Enabled
MYCHEF | Search | Private Chef Bali,,,,,,,,Private Chef - Areas,private chef legian,Exact,https://mychef.id/private-chef-bali,Enabled
MYCHEF | Search | Private Chef Bali,,,,,,,,Private Chef - Areas,private chef legian,Phrase,https://mychef.id/private-chef-bali,Enabled
MYCHEF | Search | Private Chef Bali,,,,,,,,Private Chef - Areas,private chef kuta,Exact,https://mychef.id/private-chef-bali,Enabled
MYCHEF | Search | Private Chef Bali,,,,,,,,Private Chef - Areas,private chef kuta,Phrase,https://mychef.id/private-chef-bali,Enabled
