Campaign,Keyword,Criterion Type,Status
MYCHEF | Search | Private Chef Bali,villa for rent,Campaign Negative Phrase,Enabled
MYCHEF | Search | Private Chef Bali,villa rental,Campaign Negative Phrase,Enabled
MYCHEF | Search | Private Chef Bali,rent a villa,Campaign Negative Phrase,Enabled
MYCHEF | Search | Private Chef Bali,villas for rent,Campaign Negative Phrase,Enabled
MYCHEF | Search | Private Chef Bali,villa booking,Campaign Negative Phrase,Enabled
MYCHEF | Search | Private Chef Bali,cheap villa,Campaign Negative Phrase,Enabled
MYCHEF | Search | Private Chef Bali,villa with pool for rent,Campaign Negative Phrase,Enabled
MYCHEF | Search | Private Chef Bali,book a villa,Campaign Negative Phrase,Enabled
MYCHEF | Search | Private Chef Bali,airbnb,Campaign Negative Phrase,Enabled
MYCHEF | Search | Private Chef Bali,booking com,Campaign Negative Phrase,Enabled
MYCHEF | Search | Private Chef Bali,hotel,Campaign Negative Phrase,Enabled
MYCHEF | Search | Private Chef Bali,resort,Campaign Negative Phrase,Enabled
MYCHEF | Search | Private Chef Bali,hostel,Campaign Negative Phrase,Enabled
MYCHEF | Search | Private Chef Bali,guest house,Campaign Negative Phrase,Enabled
MYCHEF | Search | Private Chef Bali,accommodation,Campaign Negative Phrase,Enabled
MYCHEF | Search | Private Chef Bali,where to stay,Campaign Negative Phrase,Enabled
MYCHEF | Search | Private Chef Bali,chef job,Campaign Negative Phrase,Enabled
MYCHEF | Search | Private Chef Bali,chef jobs,Campaign Negative Phrase,Enabled
MYCHEF | Search | Private Chef Bali,chef vacancy,Campaign Negative Phrase,Enabled
MYCHEF | Search | Private Chef Bali,chef salary,Campaign Negative Phrase,Enabled
MYCHEF | Search | Private Chef Bali,chef hiring,Campaign Negative Phrase,Enabled
MYCHEF | Search | Private Chef Bali,chef career,Campaign Negative Phrase,Enabled
MYCHEF | Search | Private Chef Bali,chef recruitment,Campaign Negative Phrase,Enabled
MYCHEF | Search | Private Chef Bali,chef cv,Campaign Negative Phrase,Enabled
MYCHEF | Search | Private Chef Bali,chef resume,Campaign Negative Phrase,Enabled
MYCHEF | Search | Private Chef Bali,chef internship,Campaign Negative Phrase,Enabled
MYCHEF | Search | Private Chef Bali,cooking class,Campaign Negative Phrase,Enabled
MYCHEF | Search | Private Chef Bali,cooking classes,Campaign Negative Phrase,Enabled
MYCHEF | Search | Private Chef Bali,cooking course,Campaign Negative Phrase,Enabled
MYCHEF | Search | Private Chef Bali,culinary school,Campaign Negative Phrase,Enabled
MYCHEF | Search | Private Chef Bali,chef school,Campaign Negative Phrase,Enabled
MYCHEF | Search | Private Chef Bali,chef academy,Campaign Negative Phrase,Enabled
MYCHEF | Search | Private Chef Bali,chef training,Campaign Negative Phrase,Enabled
MYCHEF | Search | Private Chef Bali,how to become a chef,Campaign Negative Phrase,Enabled
MYCHEF | Search | Private Chef Bali,lowongan,Campaign Negative Phrase,Enabled
MYCHEF | Search | Private Chef Bali,lowongan kerja,Campaign Negative Phrase,Enabled
MYCHEF | Search | Private Chef Bali,free,Campaign Negative Phrase,Enabled
MYCHEF | Search | Private Chef Bali,recipe,Campaign Negative Phrase,Enabled
MYCHEF | Search | Private Chef Bali,recipes,Campaign Negative Phrase,Enabled
MYCHEF | Search | Private Chef Bali,how to cook,Campaign Negative Phrase,Enabled
MYCHEF | Search | Private Chef Bali,tutorial,Campaign Negative Phrase,Enabled
MYCHEF | Search | Private Chef Bali,youtube,Campaign Negative Phrase,Enabled
MYCHEF | Search | Private Chef Bali,diy,Campaign Negative Phrase,Enabled
MYCHEF | Search | Private Chef Bali,restaurant,Campaign Negative Phrase,Enabled
MYCHEF | Search | Private Chef Bali,cafe,Campaign Negative Phrase,Enabled
MYCHEF | Search | Private Chef Bali,warung,Campaign Negative Phrase,Enabled
MYCHEF | Search | Private Chef Bali,food delivery,Campaign Negative Phrase,Enabled
MYCHEF | Search | Private Chef Bali,takeaway,Campaign Negative Phrase,Enabled
MYCHEF | Search | Private Chef Bali,take away,Campaign Negative Phrase,Enabled
MYCHEF | Search | Private Chef Bali,meal delivery,Campaign Negative Phrase,Enabled
MYCHEF | Search | Private Chef Bali,grocery delivery,Campaign Negative Phrase,Enabled
MYCHEF | Search | Private Chef Bali,supermarket,Campaign Negative Phrase,Enabled
MYCHEF | Search | Private Chef Bali,gojek,Campaign Negative Phrase,Enabled
MYCHEF | Search | Private Chef Bali,grab food,Campaign Negative Phrase,Enabled
MYCHEF | Search | Private Chef Bali,food truck,Campaign Negative Phrase,Enabled
MYCHEF | Search | Private Chef Bali,catering equipment,Campaign Negative Phrase,Enabled
MYCHEF | Search | Private Chef Bali,nanny,Campaign Negative Phrase,Enabled
MYCHEF | Search | Private Chef Bali,babysitter,Campaign Negative Phrase,Enabled
MYCHEF | Search | Private Chef Bali,driver,Campaign Negative Phrase,Enabled
MYCHEF | Search | Private Chef Bali,cleaner,Campaign Negative Phrase,Enabled
MYCHEF | Search | Private Chef Bali,housekeeper,Campaign Negative Phrase,Enabled
MYCHEF | Search | Private Chef Bali,maid,Campaign Negative Phrase,Enabled
MYCHEF | Search | Private Chef Bali,security guard,Campaign Negative Phrase,Enabled
MYCHEF | Search | Private Chef Bali,gardener,Campaign Negative Phrase,Enabled
MYCHEF | Search | Private Chef Bali,chef knife,Campaign Negative Phrase,Enabled
MYCHEF | Search | Private Chef Bali,chef knives,Campaign Negative Phrase,Enabled
MYCHEF | Search | Private Chef Bali,chef uniform,Campaign Negative Phrase,Enabled
MYCHEF | Search | Private Chef Bali,chef jacket,Campaign Negative Phrase,Enabled
MYCHEF | Search | Private Chef Bali,chef hat,Campaign Negative Phrase,Enabled
MYCHEF | Search | Private Chef Bali,chef apron,Campaign Negative Phrase,Enabled
MYCHEF | Search | Private Chef Bali,chef clothing,Campaign Negative Phrase,Enabled
MYCHEF | Search | Private Chef Bali,chef shoes,Campaign Negative Phrase,Enabled
MYCHEF | Search | Private Chef Bali,knife set,Campaign Negative Phrase,Enabled
MYCHEF | Search | Private Chef Bali,masterchef,Campaign Negative Phrase,Enabled
MYCHEF | Search | Private Chef Bali,master chef,Campaign Negative Phrase,Enabled
MYCHEF | Search | Private Chef Bali,hells kitchen,Campaign Negative Phrase,Enabled
MYCHEF | Search | Private Chef Bali,gordon ramsay,Campaign Negative Phrase,Enabled
MYCHEF | Search | Private Chef Bali,netflix,Campaign Negative Phrase,Enabled
MYCHEF | Search | Private Chef Bali,tv show,Campaign Negative Phrase,Enabled
MYCHEF | Search | Private Chef Bali,reality show,Campaign Negative Phrase,Enabled
MYCHEF | Search | Private Chef Bali,chef devops,Campaign Negative Phrase,Enabled
MYCHEF | Search | Private Chef Bali,chef infra,Campaign Negative Phrase,Enabled
MYCHEF | Search | Private Chef Bali,chef automation,Campaign Negative Phrase,Enabled
MYCHEF | Search | Private Chef Bali,chef server,Campaign Negative Phrase,Enabled
MYCHEF | Search | Private Chef Bali,chef cookbook,Campaign Negative Phrase,Enabled
MYCHEF | Search | Private Chef Bali,chef ansible,Campaign Negative Phrase,Enabled
MYCHEF | Search | Private Chef Bali,phuket,Campaign Negative Phrase,Enabled
MYCHEF | Search | Private Chef Bali,thailand,Campaign Negative Phrase,Enabled
MYCHEF | Search | Private Chef Bali,lombok,Campaign Negative Phrase,Enabled
MYCHEF | Search | Private Chef Bali,gili,Campaign Negative Phrase,Enabled
MYCHEF | Search | Private Chef Bali,vietnam,Campaign Negative Phrase,Enabled
MYCHEF | Search | Private Chef Bali,sri lanka,Campaign Negative Phrase,Enabled
MYCHEF | Search | Private Chef Bali,maldives,Campaign Negative Phrase,Enabled
MYCHEF | Search | Private Chef Bali,tulum,Campaign Negative Phrase,Enabled
MYCHEF | Search | Private Chef Bali,ibiza,Campaign Negative Phrase,Enabled
MYCHEF | Search | Private Chef Bali,santorini,Campaign Negative Phrase,Enabled
MYCHEF | Search | Private Chef Bali,mykonos,Campaign Negative Phrase,Enabled
MYCHEF | Search | Private Chef Bali,dubai,Campaign Negative Phrase,Enabled
MYCHEF | Search | Private Chef Bali,singapore chef,Campaign Negative Phrase,Enabled
MYCHEF | Search | Private Chef Bali,jakarta,Campaign Negative Phrase,Enabled
MYCHEF | Search | Private Chef Bali,yogyakarta,Campaign Negative Phrase,Enabled
MYCHEF | Search | Private Chef Bali,lombok villa,Campaign Negative Phrase,Enabled
MYCHEF | Search | Private Chef Bali,cheap,Campaign Negative Phrase,Enabled
MYCHEF | Search | Private Chef Bali,murah,Campaign Negative Phrase,Enabled
MYCHEF | Search | Private Chef Bali,budget,Campaign Negative Phrase,Enabled
MYCHEF | Search | Private Chef Bali,cheapest,Campaign Negative Phrase,Enabled
MYCHEF | Search | Private Chef Bali,discount,Campaign Negative Phrase,Enabled
MYCHEF | Search | Private Chef Bali,promo,Campaign Negative Phrase,Enabled
MYCHEF | Search | Private Chef Bali,free trial,Campaign Negative Phrase,Enabled
MYCHEF | Search | Private Chef Bali,meaning,Campaign Negative Phrase,Enabled
MYCHEF | Search | Private Chef Bali,definition,Campaign Negative Phrase,Enabled
MYCHEF | Search | Private Chef Bali,wikipedia,Campaign Negative Phrase,Enabled
MYCHEF | Search | Private Chef Bali,what is a private chef,Campaign Negative Phrase,Enabled
MYCHEF | Search | Private Chef Bali,vs personal chef,Campaign Negative Phrase,Enabled
MYCHEF | Search | Private Chef Bali,difference between,Campaign Negative Phrase,Enabled
MYCHEF | Search | Private Chef Bali,reviews reddit,Campaign Negative Phrase,Enabled
MYCHEF | Search | Private Chef Bali,reddit,Campaign Negative Phrase,Enabled
