Top queries,Clicks,Impressions,CTR,Position
private chef bali,21,749,2.8%,18.43
private chef jakarta,19,212,8.96%,5.89
mychef,12,49,24.49%,2.9
private chef canggu,8,136,5.88%,5.93
private chef uluwatu,7,127,5.51%,6.35
bali private chef,5,152,3.29%,9.58
bali private chef hire,5,22,22.73%,6.27
canggu private chef,4,91,4.4%,6.37
private chef in bali,4,78,5.13%,7.01
private chef bali canggu,4,44,9.09%,7.14
private chef indonesia,4,38,10.53%,4.03
ubud private chef,4,34,11.76%,6.24
private chef,3,266,1.13%,8.18
chef bali,3,78,3.85%,10.78
private chef ubud,3,72,4.17%,6.51
bali bbq catering,3,54,5.56%,22.09
bali butler service,3,13,23.08%,7.69
bali wedding catering,2,424,0.47%,27.93
my chef,2,80,2.5%,4.4
personal chef bali,2,43,4.65%,8.49
private chef seminyak,2,41,4.88%,7.56
private chef bali seminyak,2,40,5%,6.95
bali chef,2,26,7.69%,10.38
private chef ubud bali,2,24,8.33%,7.5
sewa chef ke rumah,2,8,25%,6.38
bbq catering bali,1,265,0.38%,20.13
private chef hire bali,1,77,1.3%,41.62
private chef bali cost,1,20,5%,7.45
villa catering bali,1,17,5.88%,13.65
chef in bali,1,15,6.67%,7.27
butler bali,1,15,6.67%,9.27
hire a chef bali,1,13,7.69%,8.54
hire private chef,1,7,14.29%,5.14
hire chef bali,1,7,14.29%,6.71
yes,1,6,16.67%,3.5
bali personal chef,1,6,16.67%,3.67
home bali private chef,1,6,16.67%,7.17
bar service,1,5,20%,8.4
private chef bandung,1,4,25%,16.25
hire chef for restaurant,1,3,33.33%,4.67
proposal private chef,1,2,50%,8
bali,1,1,100%,1
bar consulting,1,1,100%,1
mycheff,1,1,100%,1
per hour,1,1,100%,1
what about taxes,1,1,100%,2
any more options,1,1,100%,4
hiring a chef,1,1,100%,4
catering fine dining,1,1,100%,6
catering,1,1,100%,7
private chef romantic dinner,1,1,100%,7
private chef to hire,1,1,100%,8
private chef platforms,1,1,100%,11
chef's restaurant,1,1,100%,20
bali villa catering,0,94,0%,15.37
private chef bali villa,0,94,0%,15.89
private dining,0,94,0%,25.49
chefs table bali,0,80,0%,26.41
how to ensure food safety and sourcing with a private villa chef in bali,0,78,0%,5.99
home chef,0,75,0%,9.49
private chef villa menu,0,73,0%,12.01
private dining nusa dua,0,68,0%,34.41
private catering bali,0,65,0%,24.8
catering bali,0,60,0%,38.12
catering chef,0,50,0%,54
nusa dua villa catering,0,44,0%,27.41
best catering in bali,0,43,0%,54.33
private catering service,0,42,0%,32.62
corporate event catering bali,0,41,0%,18.46
in house cook,0,39,0%,56.05
bali buffet catering,0,37,0%,20.41
bali chef hire,0,35,0%,9.57
what are the staff roles in a fully serviced uhnw bali villa,0,34,0%,41.94
private chef uluwatu bali,0,32,0%,10.09
butler service villa,0,31,0%,25.32
bali chef's table,0,31,0%,31.9
villa with private chef bali,0,30,0%,23.5
จ้างเชฟ ราคา,0,30,0%,65.77
birthday catering bali,0,29,0%,40.28
เชฟส่วนตัว ราคา,0,28,0%,50.29
private dining bali,0,28,0%,54.39
harga private chef,0,27,0%,8.11
bali villa with private chef,0,26,0%,25.04
bali wedding catering packages,0,25,0%,19.36
conference catering bali,0,25,0%,28.68
wedding catering bali,0,25,0%,33.76
private catering service bali,0,25,0%,46.6
corporate event catering,0,23,0%,14.3
villa with private chef and butler,0,23,0%,26.26
buffet,0,23,0%,29.61
bali floating breakfast,0,23,0%,54.78
bartender hire,0,21,0%,17.43
jimbaran villa catering,0,21,0%,33.67
private dining uluwatu,0,21,0%,35.38
personal chef,0,20,0%,5
local chef menu,0,19,0%,19.74
chef private,0,19,0%,24.89
"""your yoga retreat confirmation & meal preferences""",0,18,0%,2.94
butler service,0,18,0%,6.22
mike the chef fried rice dish 3 4 5,0,18,0%,7.22
catering villa,0,18,0%,26.39
wedding catering in bali,0,18,0%,44.22
bali private chef villa,0,17,0%,9.47
porkfree catering bali,0,17,0%,22.47
book private dining,0,17,0%,25.82
nusa dua catering,0,16,0%,23.56
chef's table ubud,0,16,0%,28
jimbaran buffet catering,0,16,0%,32.06
michelin star chef indonesia,0,16,0%,50
my private chef,0,15,0%,2.8
chef pribadi,0,15,0%,8.67
my bella uluwatu,0,15,0%,39.07
nusa dua buffet catering,0,14,0%,30.5
mixologist ubud,0,14,0%,38.57
floating breakfast bali,0,14,0%,48
birthday catering uluwatu,0,14,0%,48.5
private romantic dinner bali,0,14,0%,52.79
chef indonesia,0,13,0%,6.77
eat and cook villa,0,13,0%,8.69
hire private chef bali,0,13,0%,11.15
corporate catering,0,13,0%,36.69
how much is a private chef in bali,0,12,0%,5.58
korean bbq lovina,0,12,0%,9.75
mixology bali,0,12,0%,16.25
wedding catering canggu,0,12,0%,41
process for vetting villa staff and signing ndas for a private stay in bali,0,11,0%,1
pork free catering bali,0,11,0%,10.09
private dining jakarta,0,11,0%,26.18
bali private dining,0,11,0%,27.64
how to wedding planning for chefs,0,10,0%,5.4
my personal chef,0,10,0%,5.5
chef,0,10,0%,8.4
private dining ubud,0,10,0%,20.3
porkfree katering bali,0,10,0%,23.3
chef's table bali,0,10,0%,37.3
palm beach villa with private chef and butler cost,0,10,0%,77.8
recruitment agencies for chefs,0,10,0%,83.9
privat chef,0,9,0%,8
private chefs bali,0,9,0%,8.56
chef kitchen kelapa gading,0,9,0%,11.33
corporate dining,0,9,0%,14.33
cocktail tasting menu bali,0,9,0%,33.22
catering service in bali,0,9,0%,51
culinary events bali,0,9,0%,63.33
"""pricing calculator"" ""anjali patel""",0,8,0%,2
fine dining chef innovation technique 2026,0,8,0%,5.25
bali private chef service,0,8,0%,7.25
"""single fin"" pecatu coordinates",0,8,0%,7.88
private chef manager,0,8,0%,13.25
bali villa private chef,0,8,0%,14.75
tasting menu,0,8,0%,17.38
villas in bali with private chef,0,8,0%,28.38
birthday catering canggu,0,8,0%,36.25
retreat catering,0,8,0%,36.38
wedding catering uluwatu,0,8,0%,40
buffet bali,0,8,0%,49.25
chef placement agency,0,8,0%,54.38
recruitment agency for chefs,0,8,0%,79.38
emma anturan,0,7,0%,11.14
fine dining in bali,0,7,0%,23
corporate dinner nusa dua,0,7,0%,47.71
private event bali,0,7,0%,70.57
chef jakarta,0,6,0%,5.17
private chef adalah,0,6,0%,5.67
bali chef and bar,0,6,0%,7.33
jasa private chef bandung harga,0,6,0%,9.67
healthy catering bali,0,6,0%,13
catering retreats,0,6,0%,29.5
chefs menu,0,6,0%,31.5
catering service in canggu,0,6,0%,35.67
chef recommendation,0,6,0%,42.5
floating breakfast,0,6,0%,46
bali romantic dinner,0,6,0%,56
company dinner nusa dua,0,6,0%,57.67
hire chef in bali,0,5,0%,4.8
chef in house,0,5,0%,5.6
chef sitter,0,5,0%,5.6
chef id,0,5,0%,6
private home chef,0,5,0%,7.4
harga private chef jakarta,0,5,0%,8
tasting menu bali,0,5,0%,8.2
catering nusa dua,0,5,0%,8.4
take a chef cancellation policy,0,5,0%,10.4
bali bartender hire,0,5,0%,13.8
book an all-inclusive staffed villa in bali with groceries included,0,5,0%,24.6
private dining ubud bali,0,5,0%,29
group dining bali,0,5,0%,37.8
catering service in uluwatu,0,5,0%,44.2
จ้างเชฟมาทําอาหารที่บ้าน ราคา,0,5,0%,72
chef employment agencies,0,5,0%,81.4
hire chef for home,0,4,0%,3.25
chef by me,0,4,0%,4.5
ya,0,4,0%,4.5
private cheff,0,4,0%,8
#c5a028,0,4,0%,8.75
how are staff background checks handled for uhnw villa rentals in bali,0,4,0%,9.25
my kitchen bali,0,4,0%,10
private cook,0,4,0%,10
chef balu menu,0,4,0%,10.25
chef home service,0,4,0%,11.25
villas catering,0,4,0%,12.75
bali private dinner,0,4,0%,15.25
chef tasting menu,0,4,0%,20.25
food photography bali,0,4,0%,21.75
bali bar hire,0,4,0%,26
asian fusion delivery,0,4,0%,30.75
jimbaran catering,0,4,0%,34
bali catering,0,4,0%,37.5
private dinner bali,0,4,0%,46.5
bali catering seminyak,0,4,0%,51
cheff,0,3,0%,1
how to plan a bespoke wellness retreat in an ubud villa,0,3,0%,1
butler indonesia,0,3,0%,2
house chef,0,3,0%,3
hire chef,0,3,0%,5
private chef experience,0,3,0%,5.33
seminyak,0,3,0%,5.33
private chef near me,0,3,0%,5.67
private dinner at home,0,3,0%,5.67
fine dining chef,0,3,0%,6
bali vip transport,0,3,0%,7.67
private chef villa bali,0,3,0%,7.67
private fine dining,0,3,0%,8.67
personal chef near me,0,3,0%,9
privatechef,0,3,0%,9
private chef seminyak bali,0,3,0%,9.33
chef table,0,3,0%,13.67
full butler bali,0,3,0%,18.67
food delivery sanur,0,3,0%,19
corporate buffet,0,3,0%,23
dinner in pererenan,0,3,0%,23
bali food photographer,0,3,0%,23.33
seminyak villa with chef,0,3,0%,28.67
group dinner bali,0,3,0%,29
floating breakfast delivery bali,0,3,0%,34.33
chef studio bali,0,3,0%,36.33
fine dining bali,0,3,0%,40.33
catering corporate,0,3,0%,45.67
culinary events seminyak,0,3,0%,47.67
andrea peresthu,0,3,0%,50
list luxury villas in canggu that offer private chef services.,0,3,0%,62
jet lag nusa dua,0,3,0%,84.33
bali_cookyt,0,2,0%,1
personal butler,0,2,0%,1
private cooking service,0,2,0%,1
villa butler meaning,0,2,0%,1
wedding planning equipment for chefs,0,2,0%,1
plated dinner,0,2,0%,2
private food,0,2,0%,2.5
how much for private chef,0,2,0%,3
my chef hashbrown,0,2,0%,3
chef booking,0,2,0%,4
fine dining private chef,0,2,0%,4
champagne and oyster,0,2,0%,4.5
private,0,2,0%,4.5
privet chef,0,2,0%,5
bbq station,0,2,0%,5.5
home service chef,0,2,0%,5.5
jordan lucas with girlfriend,0,2,0%,5.5
who is the best private chef in bali,0,2,0%,5.5
home dining,0,2,0%,6
my catering,0,2,0%,6
villa catering,0,2,0%,6
villa staff,0,2,0%,6
our chef,0,2,0%,6.5
private chef for hire,0,2,0%,6.5
private home dining,0,2,0%,6.5
take a chef,0,2,0%,6.5
eat & cook villa,0,2,0%,7
private bbq catering,0,2,0%,7
home private chef,0,2,0%,7.5
private butler,0,2,0%,7.5
chief near me,0,2,0%,8
event chef,0,2,0%,8
stephen watermelon part 2 recipe,0,2,0%,8
the secret service of the private home chef,0,2,0%,8
privat dining,0,2,0%,8.5
<private_person> birthday,0,2,0%,9
chef fine dining,0,2,0%,9
help me find a jimbaran restaurant where i can order chicken or steak,0,2,0%,9
chef catering,0,2,0%,9.5
fine dining at home,0,2,0%,9.5
nusa dua box catering,0,2,0%,9.5
private chef catering,0,2,0%,9.5
chef hire near me,0,2,0%,10
koki pribadi,0,2,0%,10
bartender service,0,2,0%,10.5
catering diet bali,0,2,0%,10.5
plated catering,0,2,0%,10.5
wedding planning tips for chefs,0,2,0%,10.5
bbq event catering,0,2,0%,11
bali butler,0,2,0%,13.5
private dining adalah,0,2,0%,16
chef services,0,2,0%,20
how much to hire a private chef,0,2,0%,20.5
jatuh bangun juragan katering,0,2,0%,20.5
menu balinese,0,2,0%,20.5
private dinner,0,2,0%,20.5
chef jobs bali,0,2,0%,25.5
children menu kelan beach,0,2,0%,27
children menu nusa dua,0,2,0%,27
party catering,0,2,0%,27
asian fusion,0,2,0%,27.5
bali floating company,0,2,0%,28
berawa kitchen,0,2,0%,28.5
food servers for hire near me,0,2,0%,28.5
private chef agency,0,2,0%,28.5
food photographer bali,0,2,0%,29
chefs table private dining,0,2,0%,29.5
kids menu kelan,0,2,0%,31
catering canggu,0,2,0%,32
rental bars,0,2,0%,32
villa party,0,2,0%,33
bali fine dining,0,2,0%,33.5
chef room,0,2,0%,35.5
cocktail masterclass bali,0,2,0%,36.5
food servers for hire,0,2,0%,39.5
fine dining restaurant menu,0,2,0%,40
catering in bali,0,2,0%,43.5
private event uluwatu,0,2,0%,43.5
ubud executive retreat,0,2,0%,45.5
romantic private dinner bali,0,2,0%,46
cocktail making class bali,0,2,0%,48.5
catering wedding bali,0,2,0%,51
home by chef wayan,0,2,0%,53
lac mei che menu,0,2,0%,58
floating breakfast in bali,0,2,0%,60
jamie oliver kitchen kuta beach menu,0,2,0%,62.5
restoran chef,0,2,0%,64
party food bali,0,2,0%,66.5
dijon bali menu,0,2,0%,68
will meyrick,0,2,0%,69
chef resto,0,2,0%,69.5
menu di,0,2,0%,70.5
chef employment agency,0,2,0%,76.5
luxury villa rental with chef and butler,0,2,0%,76.5
moana fish eatery menu,0,2,0%,78
quote for a 10-bedroom staffed villa in the bukit for one month,0,2,0%,82.5
restaurant consulting in bali,0,2,0%,87.5
30 course meal,0,1,0%,1
at home chef experience,0,1,0%,1
bbq chef for hire near me,0,1,0%,1
bespoke dinner,0,1,0%,1
book a chef to cook in your home,0,1,0%,1
buffet catering,0,1,0%,1
buffet package,0,1,0%,1
cari koki,0,1,0%,1
catering menus for exclusive events,0,1,0%,1
chef company,0,1,0%,1
chef for home,0,1,0%,1
chef for today,0,1,0%,1
chef full time,0,1,0%,1
chef on call,0,1,0%,1
chef please,0,1,0%,1
chef recommendation menu,0,1,0%,1
chef service,0,1,0%,1
chef wedding,0,1,0%,1
cheffe privée,0,1,0%,1
cheffing,0,1,0%,1
cocktail experience bali,0,1,0%,1
cooked by chef,0,1,0%,1
dine at home,0,1,0%,1
dining at home,0,1,0%,1
event buffet,0,1,0%,1
exclusive chef,0,1,0%,1
executive private dining,0,1,0%,1
farewell dinner,0,1,0%,1
find cook,0,1,0%,1
fine catering,0,1,0%,1
fine dining at home service,0,1,0%,1
fine dining course,0,1,0%,1
how much does a private chef cost,0,1,0%,1
how much is it to hire a private chef,0,1,0%,1
i want a cook,0,1,0%,1
in home chef,0,1,0%,1
in house dining,0,1,0%,1
inhouse chef,0,1,0%,1
jasa tukang masak harian,0,1,0%,1
kalau makan,0,1,0%,1
last minute ideas,0,1,0%,1
main chef,0,1,0%,1
mediteranian menu,0,1,0%,1
mixology session,0,1,0%,1
my cheff,0,1,0%,1
mychef catering,0,1,0%,1
mychef official website,0,1,0%,1
need a chef,0,1,0%,1
order cook,0,1,0%,1
private bbq chef,0,1,0%,1
private chef for engagement parties,0,1,0%,1
private chef villa,0,1,0%,1
private cheffing,0,1,0%,1
private dining experience,0,1,0%,1
professional butler,0,1,0%,1
professional waiter service,0,1,0%,1
recommend,0,1,0%,1
tasting menu adalah,0,1,0%,1
what's the best luxury villa for in-villa gourmet dining,0,1,0%,1
will you be my girlfriend proposal cake,0,1,0%,1
yes whats the cost,0,1,0%,1
いくら？,0,1,0%,1
"""sourdough"" -site:reddit.com -site:twitter.com -site:x.com -site:wykop.pl 
-site:tripadvisor.com -site:youtube.com -site:yelp.com -site:booking.com 
-site:facebook.com -site:instagram.com -site:tiktok.com",0,1,0%,2
apakah besar,0,1,0%,2
bali ubud,0,1,0%,2
berapa harganya kira kira,0,1,0%,2
chef dari bali,0,1,0%,2
cooking skills,0,1,0%,2
fine dining tasting menu,0,1,0%,2
fiyat nedir,0,1,0%,2
how about cook,0,1,0%,2
how much,0,1,0%,2
how much are they,0,1,0%,2
in aud,0,1,0%,2
in pounds?,0,1,0%,2
iya,0,1,0%,2
mi chef,0,1,0%,2
mychef kitchen,0,1,0%,2
private chef for dinner,0,1,0%,2
private chef hire cost,0,1,0%,2
private events ubud,0,1,0%,2
saya tinggal di bali,0,1,0%,2
what are the reviews like,0,1,0%,2
who is this?,0,1,0%,2
who to book with,0,1,0%,2
yes!,0,1,0%,2
烏布,0,1,0%,2
5 personen,0,1,0%,3
better yg mana?,0,1,0%,3
chef for hire menu,0,1,0%,3
chef pik,0,1,0%,3
chef privado,0,1,0%,3
"evaluate the hospitality & tourism company villafinder on private villa 
rentals with chef",0,1,0%,3
gambarnya,0,1,0%,3
kalau di indonesia?,0,1,0%,3
mychef restaurant,0,1,0%,3
per catering,0,1,0%,3
personal chef for hire,0,1,0%,3
private cater,0,1,0%,3
private chef services,0,1,0%,3
private dining chef,0,1,0%,3
waiters for hire,0,1,0%,3
"""bali event management"" -site:reddit.com -site:twitter.com -site:x.com 
-site:wykop.pl -site:tripadvisor.com -site:youtube.com -site:yelp.com 
-site:booking.com -site:facebook.com -site:instagram.com -site:tiktok.com",0,1,0%,4
biaya masak sendiri untuk 1000 orang,0,1,0%,4
biaya masak sendiri untuk 500 orang,0,1,0%,4
chef fees,0,1,0%,4
chef rental,0,1,0%,4
chef's table private dining,0,1,0%,4
fine dining catering,0,1,0%,4
home service catering jakarta,0,1,0%,4
how much do they charge,0,1,0%,4
how much personal chef cost,0,1,0%,4
in a villa,0,1,0%,4
indonesian,0,1,0%,4
kira kira harga nya berapa,0,1,0%,4
mont batur,0,1,0%,4
more options,0,1,0%,4
mykitche,0,1,0%,4
oyster and champagne,0,1,0%,4
private bbq,0,1,0%,4
private chef bali ubud,0,1,0%,4
private chef dinner at home,0,1,0%,4
bbq,0,1,0%,5
chef experience,0,1,0%,5
chef prive,0,1,0%,5
corporate chef,0,1,0%,5
hire a personal cook,0,1,0%,5
hire cook,0,1,0%,5
last holiday chef risotto,0,1,0%,5
personal baker,0,1,0%,5
private chef long term,0,1,0%,5
private chef meal,0,1,0%,5
private dining at home,0,1,0%,5
privatechefmanager,0,1,0%,5
seafood bbq,0,1,0%,5
summer private chef bookings,0,1,0%,5
the private chef,0,1,0%,5
vollverpflegung,0,1,0%,5
"""private chef"" ""rp"" indonesia",0,1,0%,6
both,0,1,0%,6
can you do both?,0,1,0%,6
chauffeur francophone bali,0,1,0%,6
chef's dinner,0,1,0%,6
looking for private chef,0,1,0%,6
my chef official website,0,1,0%,6
nusa dua,0,1,0%,6
private chef dinner,0,1,0%,6
privte chef,0,1,0%,6
residential chef,0,1,0%,6
take a chef bali,0,1,0%,6
the personal chef,0,1,0%,6
vip transport,0,1,0%,6
want to hire chef,0,1,0%,6
watermelon part 2 recipe stephen,0,1,0%,6
wo finde ich sowas,0,1,0%,6
your private chef,0,1,0%,6
12 orang,0,1,0%,7
agency chefs near me,0,1,0%,7
canguu,0,1,0%,7
catering barbecue,0,1,0%,7
chef at home service,0,1,0%,7
chef contact,0,1,0%,7
chef hire,0,1,0%,7
goldfinch chef services,0,1,0%,7
in house cooking service,0,1,0%,7
luxury car transport,0,1,0%,7
my cheef,0,1,0%,7
personal chef service,0,1,0%,7
private chef at home,0,1,0%,7
private chef bali uluwatu,0,1,0%,7
private chef concierge,0,1,0%,7
private chef dinner home,0,1,0%,7
private chef menu,0,1,0%,7
saltlick bali 7-course tasting menu,0,1,0%,7
service chef,0,1,0%,7
table at home,0,1,0%,7
what about a chef,0,1,0%,7
3 course meal restaurants,0,1,0%,8
barman hire,0,1,0%,8
butlers,0,1,0%,8
chef private dinner,0,1,0%,8
chef villa,0,1,0%,8
chefs kitchen kelapa gading,0,1,0%,8
location,0,1,0%,8
pricate chef,0,1,0%,8
private chef for event,0,1,0%,8
private chef for family,0,1,0%,8
private kitchen restaurant,0,1,0%,8
private pool,0,1,0%,8
villa chef,0,1,0%,8
watermelon part 2 recipe stephen blue,0,1,0%,8
санур,0,1,0%,8
bali catering company,0,1,0%,9
catering ubud,0,1,0%,9
grill live,0,1,0%,9
how much private chef cost,0,1,0%,9
meet your chef,0,1,0%,9
plate buffet menu,0,1,0%,9
private chef hire,0,1,0%,9
private chef price,0,1,0%,9
taste menu,0,1,0%,9
villa diner,0,1,0%,9
bali development,0,1,0%,10
bartender bali,0,1,0%,10
buffet cuisine,0,1,0%,10
chef lunch,0,1,0%,10
chef resort,0,1,0%,10
chef to go,0,1,0%,10
chefs table,0,1,0%,10
crave cookies bali,0,1,0%,10
drop off catering near me,0,1,0%,10
event bbq hire,0,1,0%,10
fine dining delivery,0,1,0%,10
fresh chef kids menu,0,1,0%,10
fried rice in the style of chef jim,0,1,0%,10
how much is a private chef per month,0,1,0%,10
in house chef,0,1,0%,10
ivan_vuk94,0,1,0%,10
lovina,0,1,0%,10
making martabak manis at home robby,0,1,0%,10
private chef in home dinner,0,1,0%,10
private cooking,0,1,0%,10
three course meal,0,1,0%,10
yoga catering,0,1,0%,10
1917 private cook,0,1,0%,11
bali cooking class ubud price 2026,0,1,0%,11
bbq bali home service,0,1,0%,11
buffet canggu,0,1,0%,11
catering bbq near me,0,1,0%,11
chef in indonesia,0,1,0%,11
chef restaurant,0,1,0%,11
chinese family dinner,0,1,0%,11
fine dining live cooking,0,1,0%,11
food chef,0,1,0%,11
home chef for party,0,1,0%,11
id chef,0,1,0%,11
private chef breakfast,0,1,0%,11
private chef halal,0,1,0%,11
private chef how much,0,1,0%,11
private dining chef at home,0,1,0%,11
private staff,0,1,0%,11
tasting menu near me,0,1,0%,11
chef available,0,1,0%,12
chef catering services,0,1,0%,12
chef in house catering,0,1,0%,12
chef personal,0,1,0%,12
chinese family meal customs,0,1,0%,12
hire personal chef,0,1,0%,12
home based restaurant,0,1,0%,12
live grill,0,1,0%,12
private chef service,0,1,0%,12
private chef wedding,0,1,0%,12
private sushi chef near me,0,1,0%,12
srv tasting menu,0,1,0%,12
villa in bali with chef,0,1,0%,12
home cooking service,0,1,0%,13
personal kitchen,0,1,0%,13
private hibachi chef near me,0,1,0%,13
privite chef,0,1,0%,13
budfet,0,1,0%,14
chef for birthday dinner,0,1,0%,14
chef's table fine dining,0,1,0%,14
food stylist bali,0,1,0%,14
send my to the chef,0,1,0%,14
your host bali,0,1,0%,14
chef express - san martino ovest 36,0,1,0%,15
chefs table ubud,0,1,0%,15
home restaurants,0,1,0%,16
villa with private chef,0,1,0%,16
bbq catering,0,1,0%,17
chef michelin di zaman koboi,0,1,0%,17
biryani chef near me,0,1,0%,18
cocktail bars to hire,0,1,0%,18
home restaurant reservations,0,1,0%,18
bar catering,0,1,0%,19
silly kid menu,0,1,0%,19
thomas cook bali,0,1,0%,19
catering bunda mia,0,1,0%,20
chef for party at home,0,1,0%,20
hire a chef for a day near me,0,1,0%,20
restaurant where you make your own food,0,1,0%,20
home cooking services near me,0,1,0%,22
baby shower services,0,1,0%,23
catering near me for 20 people,0,1,0%,23
chef at home service near me,0,1,0%,23
kuliner scbd,0,1,0%,23
rent bartenders,0,1,0%,23
seasalt seminyak,0,1,0%,23
grill bali,0,1,0%,25
michelin chef,0,1,0%,25
private dining pak solihin,0,1,0%,25
private event canggu,0,1,0%,25
tasting menu ubud,0,1,0%,25
23 bar bali,0,1,0%,26
asian fusion restaurant,0,1,0%,26
catering vila real,0,1,0%,26
pasta dealer bali menu,0,1,0%,26
50th birthday catering,0,1,0%,27
hiring personal chef,0,1,0%,27
qualified chef,0,1,0%,27
bali villas with private chef,0,1,0%,28
restaurant where you cook your own food,0,1,0%,28
bespoke dining experience,0,1,0%,29
chef hire for dinner party,0,1,0%,29
chef partner,0,1,0%,29
hire a chef for a romantic dinner near me,0,1,0%,29
katering jujur pembawa rezeki,0,1,0%,29
sf private dining,0,1,0%,29
ubud villa with chef,0,1,0%,29
brendan white private chef,0,1,0%,30
bbq unlimited,0,1,0%,31
find personal chef,0,1,0%,31
private chef kitchen,0,1,0%,31
private chef services near me,0,1,0%,31
awg private chefs,0,1,0%,32
bali catering and events,0,1,0%,32
grillexperience,0,1,0%,32
private chefs salary,0,1,0%,32
villa eats,0,1,0%,32
bali bartender,0,1,0%,33
daily private chef,0,1,0%,33
kua private chef service,0,1,0%,33
private chef requirements,0,1,0%,33
bali grill restaurant,0,1,0%,34
bumi balfina,0,1,0%,34
kitchen experience,0,1,0%,34
personal cooks near me,0,1,0%,34
private dining in restaurants,0,1,0%,34
bali catering service,0,1,0%,35
bbq package with chef,0,1,0%,35
private events,0,1,0%,35
restaurant asian fusion,0,1,0%,35
the nusa dua,0,1,0%,35
barbara russell catering,0,1,0%,36
chef's special cocktail bar,0,1,0%,36
jimbaran wedding catering,0,1,0%,36
hire a chef for home cooking,0,1,0%,37
island graze bali,0,1,0%,37
personal chef jobs,0,1,0%,37
vivre catering,0,1,0%,37
arena grill house,0,1,0%,38
chef's table jakarta,0,1,0%,38
corporate events catering services,0,1,0%,38
jet catering bali denpasar,0,1,0%,38
private chef assistant,0,1,0%,38
locations for baby shower,0,1,0%,39
bakmi villa,0,1,0%,40
birthday buffet catering,0,1,0%,40
chef hendrik wijaya,0,1,0%,40
bali villa party,0,1,0%,41
bali indah catering price list,0,1,0%,42
dynamic chef services sdn bhd,0,1,0%,42
private chef agencies,0,1,0%,42
bali miracle catering,0,1,0%,43
catering prasmanan bali,0,1,0%,43
hire chef for event,0,1,0%,43
home chef in stores near me,0,1,0%,43
aged and butchered bali menu,0,1,0%,44
cheap catering places near me,0,1,0%,44
hire a professional chef,0,1,0%,44
station one smokehouse menu,0,1,0%,44
bbq cathering,0,1,0%,45
chef ronald tokilov,0,1,0%,45
chefs cocktail bar,0,1,0%,45
culinary buffet,0,1,0%,45
personal chef for meal prep,0,1,0%,45
brunch caterer near me,0,1,0%,46
chef's table restaurants,0,1,0%,46
full house pererenan,0,1,0%,46
mixology class bali,0,1,0%,46
my cocotte bistrot,0,1,0%,46
party villa,0,1,0%,46
birthday dinner bali,0,1,0%,47
chef and guests,0,1,0%,47
chef cook near me,0,1,0%,47
how much does a personal butler cost,0,1,0%,47
in home chefs near me,0,1,0%,47
ayana floating breakfast,0,1,0%,48
catering indonesia,0,1,0%,48
mixology class seminyak,0,1,0%,48
catered bar service,0,1,0%,49
my chef menu,0,1,0%,49
vow renewal jimbaran,0,1,0%,50
cocktail class bali,0,1,0%,51
bali villa with romantic dinner package,0,1,0%,53
indian wedding catering,0,1,0%,53
romantic dinner denpasar,0,1,0%,53
bali food in pool,0,1,0%,54
"""chicken"" ""chef"" ""coriander"" -pm -modi -bjp",0,1,0%,56
cocktail class seminyak,0,1,0%,58
gozadera menu,0,1,0%,58
chandra yudasswara,0,1,0%,59
hotel chef,0,1,0%,59
menu a'la carte,0,1,0%,59
catering service bali,0,1,0%,60
fine dining set menu,0,1,0%,60
my chef catering,0,1,0%,60
gambinos bali menu,0,1,0%,61
private jet catering bali denpasar,0,1,0%,62
private beach dinner bali,0,1,0%,63
hotel catering,0,1,0%,64
mixology class nearby,0,1,0%,64
personal cook,0,1,0%,64
special menu,0,1,0%,65
private dinging bali,0,1,0%,67
sommelier,0,1,0%,67
home service catering,0,1,0%,68
amici bali menu,0,1,0%,70
chef cost calculator,0,1,0%,70
menu a la carte,0,1,0%,71
gracie kelly's irish pub menu,0,1,0%,73
helper hotel,0,1,0%,73
asia pacific personal chef services market,0,1,0%,75
madjapahit culinary alam sutera menu,0,1,0%,78
bantam chef of walhalla menu,0,1,0%,79
bluefin japanese fusion & lounge menu,0,1,0%,84
jenis-jenis menu,0,1,0%,84
culinary events near me,0,1,0%,86
jenis jenis menu,0,1,0%,86
menu remy's seaside bistro,0,1,0%,86
cocktail class nearby,0,1,0%,92
w gourmet with transfer menu,0,1,0%,99
how to indonesian for chefs,0,1,0%,207