url,path,page_type,intent_category,sitemap_priority,lastmod,primary_keyword_cluster,commercial_objective,organic_clicks_90d,impressions_90d,enquiries_90d,decision,decision_rationale,owner,last_reviewed
https://mychef.id/,/,Homepage,Commercial hub,1.0,2026-05-20,TBD — pending keyword mapping,TBD — requires management confirmation,NO DATA — GSC access required,NO DATA — GSC access required,NO DATA — analytics access required,UNASSESSED,,,
https://mychef.id/locations/seminyak,/locations/seminyak,Location guide,Informational,0.7,2026-05-13,TBD — pending keyword mapping,TBD — requires management confirmation,NO DATA — GSC access required,NO DATA — GSC access required,NO DATA — analytics access required,UNASSESSED,,,
https://mychef.id/locations/canggu,/locations/canggu,Location guide,Informational,0.7,2026-06-21,TBD — pending keyword mapping,TBD — requires management confirmation,NO DATA — GSC access required,NO DATA — GSC access required,NO DATA — analytics access required,UNASSESSED,,,
https://mychef.id/locations/uluwatu,/locations/uluwatu,Location guide,Informational,0.7,2026-05-28,TBD — pending keyword mapping,TBD — requires management confirmation,NO DATA — GSC access required,NO DATA — GSC access required,NO DATA — analytics access required,UNASSESSED,,,
https://mychef.id/locations/ubud,/locations/ubud,Location guide,Informational,0.7,2026-05-22,TBD — pending keyword mapping,TBD — requires management confirmation,NO DATA — GSC access required,NO DATA — GSC access required,NO DATA — analytics access required,UNASSESSED,,,
https://mychef.id/locations/nusa-dua,/locations/nusa-dua,Location guide,Informational,0.7,2026-06-26,TBD — pending keyword mapping,TBD — requires management confirmation,NO DATA — GSC access required,NO DATA — GSC access required,NO DATA — analytics access required,UNASSESSED,,,
https://mychef.id/locations/jimbaran,/locations/jimbaran,Location guide,Informational,0.7,2026-05-14,TBD — pending keyword mapping,TBD — requires management confirmation,NO DATA — GSC access required,NO DATA — GSC access required,NO DATA — analytics access required,UNASSESSED,,,
https://mychef.id/locations/sanur,/locations/sanur,Location guide,Informational,0.7,2026-05-26,TBD — pending keyword mapping,TBD — requires management confirmation,NO DATA — GSC access required,NO DATA — GSC access required,NO DATA — analytics access required,UNASSESSED,,,
https://mychef.id/locations/pererenan,/locations/pererenan,Location guide,Informational,0.7,2026-06-13,TBD — pending keyword mapping,TBD — requires management confirmation,NO DATA — GSC access required,NO DATA — GSC access required,NO DATA — analytics access required,UNASSESSED,,,
https://mychef.id/locations/bukit,/locations/bukit,Location guide,Informational,0.7,2026-06-09,TBD — pending keyword mapping,TBD — requires management confirmation,NO DATA — GSC access required,NO DATA — GSC access required,NO DATA — analytics access required,UNASSESSED,,,
https://mychef.id/locations/kuta,/locations/kuta,Location guide,Informational,0.7,2026-06-05,TBD — pending keyword mapping,TBD — requires management confirmation,NO DATA — GSC access required,NO DATA — GSC access required,NO DATA — analytics access required,UNASSESSED,,,
https://mychef.id/locations/denpasar,/locations/denpasar,Location guide,Informational,0.7,2026-05-31,TBD — pending keyword mapping,TBD — requires management confirmation,NO DATA — GSC access required,NO DATA — GSC access required,NO DATA — analytics access required,UNASSESSED,,,
https://mychef.id/private-chef/seminyak,/private-chef/seminyak,Location service,Commercial,0.9,2026-05-23,TBD — pending keyword mapping,TBD — requires management confirmation,NO DATA — GSC access required,NO DATA — GSC access required,NO DATA — analytics access required,UNASSESSED,,,
https://mychef.id/private-chef/canggu,/private-chef/canggu,Location service,Commercial,0.9,2026-06-28,TBD — pending keyword mapping,TBD — requires management confirmation,NO DATA — GSC access required,NO DATA — GSC access required,NO DATA — analytics access required,UNASSESSED,,,
https://mychef.id/private-chef/ubud,/private-chef/ubud,Location service,Commercial,0.9,2026-06-13,TBD — pending keyword mapping,TBD — requires management confirmation,NO DATA — GSC access required,NO DATA — GSC access required,NO DATA — analytics access required,UNASSESSED,,,
https://mychef.id/private-chef/uluwatu,/private-chef/uluwatu,Location service,Commercial,0.9,2026-06-18,TBD — pending keyword mapping,TBD — requires management confirmation,NO DATA — GSC access required,NO DATA — GSC access required,NO DATA — analytics access required,UNASSESSED,,,
https://mychef.id/private-chef/jimbaran,/private-chef/jimbaran,Location service,Commercial,0.9,2026-05-29,TBD — pending keyword mapping,TBD — requires management confirmation,NO DATA — GSC access required,NO DATA — GSC access required,NO DATA — analytics access required,UNASSESSED,,,
https://mychef.id/private-chef/nusa-dua,/private-chef/nusa-dua,Location service,Commercial,0.9,2026-05-20,TBD — pending keyword mapping,TBD — requires management confirmation,NO DATA — GSC access required,NO DATA — GSC access required,NO DATA — analytics access required,UNASSESSED,,,
https://mychef.id/private-chef/sanur,/private-chef/sanur,Location service,Commercial,0.9,2026-06-24,TBD — pending keyword mapping,TBD — requires management confirmation,NO DATA — GSC access required,NO DATA — GSC access required,NO DATA — analytics access required,UNASSESSED,,,
https://mychef.id/private-chef/denpasar,/private-chef/denpasar,Location service,Commercial,0.9,2026-06-10,TBD — pending keyword mapping,TBD — requires management confirmation,NO DATA — GSC access required,NO DATA — GSC access required,NO DATA — analytics access required,UNASSESSED,,,
https://mychef.id/private-chef/berawa,/private-chef/berawa,Location service,Commercial,0.9,2026-06-17,TBD — pending keyword mapping,TBD — requires management confirmation,NO DATA — GSC access required,NO DATA — GSC access required,NO DATA — analytics access required,UNASSESSED,,,
https://mychef.id/private-chef/pererenan,/private-chef/pererenan,Location service,Commercial,0.9,2026-05-19,TBD — pending keyword mapping,TBD — requires management confirmation,NO DATA — GSC access required,NO DATA — GSC access required,NO DATA — analytics access required,UNASSESSED,,,
https://mychef.id/private-chef/kerobokan,/private-chef/kerobokan,Location service,Commercial,0.9,2026-06-04,TBD — pending keyword mapping,TBD — requires management confirmation,NO DATA — GSC access required,NO DATA — GSC access required,NO DATA — analytics access required,UNASSESSED,,,
https://mychef.id/private-chef/petitenget,/private-chef/petitenget,Location service,Commercial,0.9,2026-06-17,TBD — pending keyword mapping,TBD — requires management confirmation,NO DATA — GSC access required,NO DATA — GSC access required,NO DATA — analytics access required,UNASSESSED,,,
https://mychef.id/private-chef/kuta,/private-chef/kuta,Location service,Commercial,0.9,2026-06-27,TBD — pending keyword mapping,TBD — requires management confirmation,NO DATA — GSC access required,NO DATA — GSC access required,NO DATA — analytics access required,UNASSESSED,,,
https://mychef.id/private-chef/legian,/private-chef/legian,Location service,Commercial,0.9,2026-06-06,TBD — pending keyword mapping,TBD — requires management confirmation,NO DATA — GSC access required,NO DATA — GSC access required,NO DATA — analytics access required,UNASSESSED,,,
https://mychef.id/private-chef/bukit,/private-chef/bukit,Location service,Commercial,0.9,2026-05-22,TBD — pending keyword mapping,TBD — requires management confirmation,NO DATA — GSC access required,NO DATA — GSC access required,NO DATA — analytics access required,UNASSESSED,,,
https://mychef.id/private-chef/umalas,/private-chef/umalas,Location service,Commercial,0.9,2026-06-17,TBD — pending keyword mapping,TBD — requires management confirmation,NO DATA — GSC access required,NO DATA — GSC access required,NO DATA — analytics access required,UNASSESSED,,,
https://mychef.id/private-chef/batu-belig,/private-chef/batu-belig,Location service,Commercial,0.9,2026-05-25,TBD — pending keyword mapping,TBD — requires management confirmation,NO DATA — GSC access required,NO DATA — GSC access required,NO DATA — analytics access required,UNASSESSED,,,
https://mychef.id/private-chef/pecatu,/private-chef/pecatu,Location service,Commercial,0.9,2026-06-25,TBD — pending keyword mapping,TBD — requires management confirmation,NO DATA — GSC access required,NO DATA — GSC access required,NO DATA — analytics access required,UNASSESSED,,,
https://mychef.id/private-chef/ungasan,/private-chef/ungasan,Location service,Commercial,0.9,2026-06-09,TBD — pending keyword mapping,TBD — requires management confirmation,NO DATA — GSC access required,NO DATA — GSC access required,NO DATA — analytics access required,UNASSESSED,,,
https://mychef.id/private-chef/tanjung-benoa,/private-chef/tanjung-benoa,Location service,Commercial,0.9,2026-05-13,TBD — pending keyword mapping,TBD — requires management confirmation,NO DATA — GSC access required,NO DATA — GSC access required,NO DATA — analytics access required,UNASSESSED,,,
https://mychef.id/private-chef/sayan,/private-chef/sayan,Location service,Commercial,0.9,2026-06-12,TBD — pending keyword mapping,TBD — requires management confirmation,NO DATA — GSC access required,NO DATA — GSC access required,NO DATA — analytics access required,UNASSESSED,,,
https://mychef.id/private-chef/tegallalang,/private-chef/tegallalang,Location service,Commercial,0.9,2026-06-28,TBD — pending keyword mapping,TBD — requires management confirmation,NO DATA — GSC access required,NO DATA — GSC access required,NO DATA — analytics access required,UNASSESSED,,,
https://mychef.id/private-chef/renon,/private-chef/renon,Location service,Commercial,0.9,2026-06-15,TBD — pending keyword mapping,TBD — requires management confirmation,NO DATA — GSC access required,NO DATA — GSC access required,NO DATA — analytics access required,UNASSESSED,,,
https://mychef.id/private-chef/tanah-lot,/private-chef/tanah-lot,Location service,Commercial,0.9,2026-06-24,TBD — pending keyword mapping,TBD — requires management confirmation,NO DATA — GSC access required,NO DATA — GSC access required,NO DATA — analytics access required,UNASSESSED,,,
https://mychef.id/private-chef/nusa-lembongan,/private-chef/nusa-lembongan,Location service,Commercial,0.9,2026-06-03,TBD — pending keyword mapping,TBD — requires management confirmation,NO DATA — GSC access required,NO DATA — GSC access required,NO DATA — analytics access required,UNASSESSED,,,
https://mychef.id/private-chef/nusa-penida,/private-chef/nusa-penida,Location service,Commercial,0.9,2026-06-19,TBD — pending keyword mapping,TBD — requires management confirmation,NO DATA — GSC access required,NO DATA — GSC access required,NO DATA — analytics access required,UNASSESSED,,,
https://mychef.id/private-chef/mas,/private-chef/mas,Location service,Commercial,0.9,2026-05-21,TBD — pending keyword mapping,TBD — requires management confirmation,NO DATA — GSC access required,NO DATA — GSC access required,NO DATA — analytics access required,UNASSESSED,,,
https://mychef.id/private-chef/penestanan,/private-chef/penestanan,Location service,Commercial,0.9,2026-06-04,TBD — pending keyword mapping,TBD — requires management confirmation,NO DATA — GSC access required,NO DATA — GSC access required,NO DATA — analytics access required,UNASSESSED,,,
https://mychef.id/private-chef/nyanyi,/private-chef/nyanyi,Location service,Commercial,0.9,2026-06-06,TBD — pending keyword mapping,TBD — requires management confirmation,NO DATA — GSC access required,NO DATA — GSC access required,NO DATA — analytics access required,UNASSESSED,,,
https://mychef.id/private-chef/cemagi,/private-chef/cemagi,Location service,Commercial,0.9,2026-06-07,TBD — pending keyword mapping,TBD — requires management confirmation,NO DATA — GSC access required,NO DATA — GSC access required,NO DATA — analytics access required,UNASSESSED,,,
https://mychef.id/private-chef/seseh,/private-chef/seseh,Location service,Commercial,0.9,2026-06-18,TBD — pending keyword mapping,TBD — requires management confirmation,NO DATA — GSC access required,NO DATA — GSC access required,NO DATA — analytics access required,UNASSESSED,,,
https://mychef.id/private-chef/nusa-ceningan,/private-chef/nusa-ceningan,Location service,Commercial,0.9,2026-06-14,TBD — pending keyword mapping,TBD — requires management confirmation,NO DATA — GSC access required,NO DATA — GSC access required,NO DATA — analytics access required,UNASSESSED,,,
https://mychef.id/private-chef/balangan,/private-chef/balangan,Location service,Commercial,0.9,2026-06-01,TBD — pending keyword mapping,TBD — requires management confirmation,NO DATA — GSC access required,NO DATA — GSC access required,NO DATA — analytics access required,UNASSESSED,,,
https://mychef.id/private-chef/bingin,/private-chef/bingin,Location service,Commercial,0.9,2026-05-22,TBD — pending keyword mapping,TBD — requires management confirmation,NO DATA — GSC access required,NO DATA — GSC access required,NO DATA — analytics access required,UNASSESSED,,,
https://mychef.id/private-chef/padang-padang,/private-chef/padang-padang,Location service,Commercial,0.9,2026-05-13,TBD — pending keyword mapping,TBD — requires management confirmation,NO DATA — GSC access required,NO DATA — GSC access required,NO DATA — analytics access required,UNASSESSED,,,
https://mychef.id/private-chef/sukawati,/private-chef/sukawati,Location service,Commercial,0.9,2026-05-15,TBD — pending keyword mapping,TBD — requires management confirmation,NO DATA — GSC access required,NO DATA — GSC access required,NO DATA — analytics access required,UNASSESSED,,,
https://mychef.id/private-chef/payangan,/private-chef/payangan,Location service,Commercial,0.9,2026-05-23,TBD — pending keyword mapping,TBD — requires management confirmation,NO DATA — GSC access required,NO DATA — GSC access required,NO DATA — analytics access required,UNASSESSED,,,
https://mychef.id/private-chef/keramas,/private-chef/keramas,Location service,Commercial,0.9,2026-06-27,TBD — pending keyword mapping,TBD — requires management confirmation,NO DATA — GSC access required,NO DATA — GSC access required,NO DATA — analytics access required,UNASSESSED,,,
https://mychef.id/private-chef/bedugul,/private-chef/bedugul,Location service,Commercial,0.9,2026-06-17,TBD — pending keyword mapping,TBD — requires management confirmation,NO DATA — GSC access required,NO DATA — GSC access required,NO DATA — analytics access required,UNASSESSED,,,
https://mychef.id/private-chef/jatiluwih,/private-chef/jatiluwih,Location service,Commercial,0.9,2026-05-29,TBD — pending keyword mapping,TBD — requires management confirmation,NO DATA — GSC access required,NO DATA — GSC access required,NO DATA — analytics access required,UNASSESSED,,,
https://mychef.id/private-chef/tabanan,/private-chef/tabanan,Location service,Commercial,0.9,2026-06-17,TBD — pending keyword mapping,TBD — requires management confirmation,NO DATA — GSC access required,NO DATA — GSC access required,NO DATA — analytics access required,UNASSESSED,,,
https://mychef.id/private-chef/amed,/private-chef/amed,Location service,Commercial,0.9,2026-06-27,TBD — pending keyword mapping,TBD — requires management confirmation,NO DATA — GSC access required,NO DATA — GSC access required,NO DATA — analytics access required,UNASSESSED,,,
https://mychef.id/private-chef/sidemen,/private-chef/sidemen,Location service,Commercial,0.9,2026-05-21,TBD — pending keyword mapping,TBD — requires management confirmation,NO DATA — GSC access required,NO DATA — GSC access required,NO DATA — analytics access required,UNASSESSED,,,
https://mychef.id/private-chef/candidasa,/private-chef/candidasa,Location service,Commercial,0.9,2026-06-18,TBD — pending keyword mapping,TBD — requires management confirmation,NO DATA — GSC access required,NO DATA — GSC access required,NO DATA — analytics access required,UNASSESSED,,,
https://mychef.id/private-chef/tulamben,/private-chef/tulamben,Location service,Commercial,0.9,2026-05-18,TBD — pending keyword mapping,TBD — requires management confirmation,NO DATA — GSC access required,NO DATA — GSC access required,NO DATA — analytics access required,UNASSESSED,,,
https://mychef.id/private-chef/lovina,/private-chef/lovina,Location service,Commercial,0.9,2026-05-24,TBD — pending keyword mapping,TBD — requires management confirmation,NO DATA — GSC access required,NO DATA — GSC access required,NO DATA — analytics access required,UNASSESSED,,,
https://mychef.id/private-chef/singaraja,/private-chef/singaraja,Location service,Commercial,0.9,2026-05-20,TBD — pending keyword mapping,TBD — requires management confirmation,NO DATA — GSC access required,NO DATA — GSC access required,NO DATA — analytics access required,UNASSESSED,,,
https://mychef.id/private-chef/pemuteran,/private-chef/pemuteran,Location service,Commercial,0.9,2026-06-26,TBD — pending keyword mapping,TBD — requires management confirmation,NO DATA — GSC access required,NO DATA — GSC access required,NO DATA — analytics access required,UNASSESSED,,,
https://mychef.id/private-chef/kintamani,/private-chef/kintamani,Location service,Commercial,0.9,2026-05-27,TBD — pending keyword mapping,TBD — requires management confirmation,NO DATA — GSC access required,NO DATA — GSC access required,NO DATA — analytics access required,UNASSESSED,,,
https://mychef.id/private-chef/kedewatan,/private-chef/kedewatan,Location service,Commercial,0.9,2026-06-13,TBD — pending keyword mapping,TBD — requires management confirmation,NO DATA — GSC access required,NO DATA — GSC access required,NO DATA — analytics access required,UNASSESSED,,,
https://mychef.id/private-chef/nyuh-kuning,/private-chef/nyuh-kuning,Location service,Commercial,0.9,2026-06-17,TBD — pending keyword mapping,TBD — requires management confirmation,NO DATA — GSC access required,NO DATA — GSC access required,NO DATA — analytics access required,UNASSESSED,,,
https://mychef.id/private-chef/lodtunduh,/private-chef/lodtunduh,Location service,Commercial,0.9,2026-06-08,TBD — pending keyword mapping,TBD — requires management confirmation,NO DATA — GSC access required,NO DATA — GSC access required,NO DATA — analytics access required,UNASSESSED,,,
https://mychef.id/private-chef/tirta-gangga,/private-chef/tirta-gangga,Location service,Commercial,0.9,2026-06-10,TBD — pending keyword mapping,TBD — requires management confirmation,NO DATA — GSC access required,NO DATA — GSC access required,NO DATA — analytics access required,UNASSESSED,,,
https://mychef.id/private-chef/munduk,/private-chef/munduk,Location service,Commercial,0.9,2026-06-14,TBD — pending keyword mapping,TBD — requires management confirmation,NO DATA — GSC access required,NO DATA — GSC access required,NO DATA — analytics access required,UNASSESSED,,,
https://mychef.id/private-chef/gianyar,/private-chef/gianyar,Location service,Commercial,0.9,2026-06-25,TBD — pending keyword mapping,TBD — requires management confirmation,NO DATA — GSC access required,NO DATA — GSC access required,NO DATA — analytics access required,UNASSESSED,,,
https://mychef.id/private-chef/padang-bai,/private-chef/padang-bai,Location service,Commercial,0.9,2026-06-19,TBD — pending keyword mapping,TBD — requires management confirmation,NO DATA — GSC access required,NO DATA — GSC access required,NO DATA — analytics access required,UNASSESSED,,,
https://mychef.id/private-chef/baturiti,/private-chef/baturiti,Location service,Commercial,0.9,2026-05-21,TBD — pending keyword mapping,TBD — requires management confirmation,NO DATA — GSC access required,NO DATA — GSC access required,NO DATA — analytics access required,UNASSESSED,,,
https://mychef.id/private-chef/mengwi,/private-chef/mengwi,Location service,Commercial,0.9,2026-06-18,TBD — pending keyword mapping,TBD — requires management confirmation,NO DATA — GSC access required,NO DATA — GSC access required,NO DATA — analytics access required,UNASSESSED,,,
https://mychef.id/private-chef/ketewel,/private-chef/ketewel,Location service,Commercial,0.9,2026-06-06,TBD — pending keyword mapping,TBD — requires management confirmation,NO DATA — GSC access required,NO DATA — GSC access required,NO DATA — analytics access required,UNASSESSED,,,
https://mychef.id/private-chef/abiansemal,/private-chef/abiansemal,Location service,Commercial,0.9,2026-06-28,TBD — pending keyword mapping,TBD — requires management confirmation,NO DATA — GSC access required,NO DATA — GSC access required,NO DATA — analytics access required,UNASSESSED,,,
https://mychef.id/private-chef/cepaka,/private-chef/cepaka,Location service,Commercial,0.9,2026-05-14,TBD — pending keyword mapping,TBD — requires management confirmation,NO DATA — GSC access required,NO DATA — GSC access required,NO DATA — analytics access required,UNASSESSED,,,
https://mychef.id/villa-bbq-catering-bali,/villa-bbq-catering-bali,Standalone landing,Commercial,0.7,2026-05-17,TBD — pending keyword mapping,TBD — requires management confirmation,NO DATA — GSC access required,NO DATA — GSC access required,NO DATA — analytics access required,UNASSESSED,,,
https://mychef.id/bali-wedding-catering-packages,/bali-wedding-catering-packages,Standalone landing,Commercial,0.7,2026-05-17,TBD — pending keyword mapping,TBD — requires management confirmation,NO DATA — GSC access required,NO DATA — GSC access required,NO DATA — analytics access required,UNASSESSED,,,
https://mychef.id/michelin-private-chef-bali-prices,/michelin-private-chef-bali-prices,Standalone landing,Commercial,0.7,2026-05-17,TBD — pending keyword mapping,TBD — requires management confirmation,NO DATA — GSC access required,NO DATA — GSC access required,NO DATA — analytics access required,UNASSESSED,,,
https://mychef.id/seafood-bbq-catering-bali,/seafood-bbq-catering-bali,Standalone landing,Commercial,0.7,2026-05-17,TBD — pending keyword mapping,TBD — requires management confirmation,NO DATA — GSC access required,NO DATA — GSC access required,NO DATA — analytics access required,UNASSESSED,,,
https://mychef.id/group-villa-dinner-packages-bali,/group-villa-dinner-packages-bali,Standalone landing,Commercial,0.7,2026-05-17,TBD — pending keyword mapping,TBD — requires management confirmation,NO DATA — GSC access required,NO DATA — GSC access required,NO DATA — analytics access required,UNASSESSED,,,
https://mychef.id/corporate-retreat-catering-bali,/corporate-retreat-catering-bali,Standalone landing,Commercial,0.7,2026-05-17,TBD — pending keyword mapping,TBD — requires management confirmation,NO DATA — GSC access required,NO DATA — GSC access required,NO DATA — analytics access required,UNASSESSED,,,
https://mychef.id/luxury-birthday-party-bali,/luxury-birthday-party-bali,Standalone landing,Commercial,0.7,2026-05-17,TBD — pending keyword mapping,TBD — requires management confirmation,NO DATA — GSC access required,NO DATA — GSC access required,NO DATA — analytics access required,UNASSESSED,,,
https://mychef.id/hire-private-chef-bali-monthly,/hire-private-chef-bali-monthly,Standalone landing,Commercial,0.7,2026-05-17,TBD — pending keyword mapping,TBD — requires management confirmation,NO DATA — GSC access required,NO DATA — GSC access required,NO DATA — analytics access required,UNASSESSED,,,
https://mychef.id/butler-service-bali-daily-rate,/butler-service-bali-daily-rate,Standalone landing,Commercial,0.7,2026-05-17,TBD — pending keyword mapping,TBD — requires management confirmation,NO DATA — GSC access required,NO DATA — GSC access required,NO DATA — analytics access required,UNASSESSED,,,
https://mychef.id/best-private-chef-indonesia,/best-private-chef-indonesia,Standalone landing,Commercial,0.7,2026-05-17,TBD — pending keyword mapping,TBD — requires management confirmation,NO DATA — GSC access required,NO DATA — GSC access required,NO DATA — analytics access required,UNASSESSED,,,
https://mychef.id/private-chef-for-events,/private-chef-for-events,Standalone landing,Commercial,0.7,2026-05-17,TBD — pending keyword mapping,TBD — requires management confirmation,NO DATA — GSC access required,NO DATA — GSC access required,NO DATA — analytics access required,UNASSESSED,,,
https://mychef.id/luxury-chef-indonesia,/luxury-chef-indonesia,Standalone landing,Commercial,0.7,2026-05-17,TBD — pending keyword mapping,TBD — requires management confirmation,NO DATA — GSC access required,NO DATA — GSC access required,NO DATA — analytics access required,UNASSESSED,,,
https://mychef.id/wedding-catering-indonesia,/wedding-catering-indonesia,Standalone landing,Commercial,0.7,2026-05-17,TBD — pending keyword mapping,TBD — requires management confirmation,NO DATA — GSC access required,NO DATA — GSC access required,NO DATA — analytics access required,UNASSESSED,,,
https://mychef.id/private-dining-indonesia,/private-dining-indonesia,Standalone landing,Commercial,0.7,2026-05-17,TBD — pending keyword mapping,TBD — requires management confirmation,NO DATA — GSC access required,NO DATA — GSC access required,NO DATA — analytics access required,UNASSESSED,,,
https://mychef.id/healthy-meal-delivery-indonesia,/healthy-meal-delivery-indonesia,Standalone landing,Commercial,0.7,2026-05-17,TBD — pending keyword mapping,TBD — requires management confirmation,NO DATA — GSC access required,NO DATA — GSC access required,NO DATA — analytics access required,UNASSESSED,,,
https://mychef.id/chef-for-hire-indonesia,/chef-for-hire-indonesia,Standalone landing,Commercial,0.7,2026-05-17,TBD — pending keyword mapping,TBD — requires management confirmation,NO DATA — GSC access required,NO DATA — GSC access required,NO DATA — analytics access required,UNASSESSED,,,
https://mychef.id/proposal-dinner,/proposal-dinner,Standalone landing,Commercial,0.7,2026-05-17,TBD — pending keyword mapping,TBD — requires management confirmation,NO DATA — GSC access required,NO DATA — GSC access required,NO DATA — analytics access required,UNASSESSED,,,
https://mychef.id/honeymoon-chef,/honeymoon-chef,Standalone landing,Commercial,0.7,2026-05-17,TBD — pending keyword mapping,TBD — requires management confirmation,NO DATA — GSC access required,NO DATA — GSC access required,NO DATA — analytics access required,UNASSESSED,,,
https://mychef.id/guide/private-chef-bali,/guide/private-chef-bali,Editorial,Informational,0.8,2025-02-01,TBD — pending keyword mapping,TBD — requires management confirmation,NO DATA — GSC access required,NO DATA — GSC access required,NO DATA — analytics access required,UNASSESSED,,,
https://mychef.id/blog/private-chef-cost-bali,/blog/private-chef-cost-bali,Editorial,Informational,0.8,2025-01-15,TBD — pending keyword mapping,TBD — requires management confirmation,NO DATA — GSC access required,NO DATA — GSC access required,NO DATA — analytics access required,UNASSESSED,,,
https://mychef.id/blog/best-bali-villas-private-chef-kitchen,/blog/best-bali-villas-private-chef-kitchen,Editorial,Informational,0.8,2026-04-24,TBD — pending keyword mapping,TBD — requires management confirmation,NO DATA — GSC access required,NO DATA — GSC access required,NO DATA — analytics access required,UNASSESSED,,,
https://mychef.id/blog/private-chef-vs-restaurant-bali,/blog/private-chef-vs-restaurant-bali,Editorial,Informational,0.8,2026-03-05,TBD — pending keyword mapping,TBD — requires management confirmation,NO DATA — GSC access required,NO DATA — GSC access required,NO DATA — analytics access required,UNASSESSED,,,
https://mychef.id/blog/how-to-plan-villa-birthday-party-bali,/blog/how-to-plan-villa-birthday-party-bali,Editorial,Informational,0.8,2026-05-10,TBD — pending keyword mapping,TBD — requires management confirmation,NO DATA — GSC access required,NO DATA — GSC access required,NO DATA — analytics access required,UNASSESSED,,,
https://mychef.id/blog/private-chef-romantic-dinners-bali,/blog/private-chef-romantic-dinners-bali,Editorial,Informational,0.8,2026-05-10,TBD — pending keyword mapping,TBD — requires management confirmation,NO DATA — GSC access required,NO DATA — GSC access required,NO DATA — analytics access required,UNASSESSED,,,
https://mychef.id/blog/how-to-hire-private-chef-bali-complete-guide,/blog/how-to-hire-private-chef-bali-complete-guide,Editorial,Informational,0.8,2026-05-18,TBD — pending keyword mapping,TBD — requires management confirmation,NO DATA — GSC access required,NO DATA — GSC access required,NO DATA — analytics access required,UNASSESSED,,,
https://mychef.id/blog/chef-qualifications-credentials-bali-hiring,/blog/chef-qualifications-credentials-bali-hiring,Editorial,Informational,0.8,2026-05-18,TBD — pending keyword mapping,TBD — requires management confirmation,NO DATA — GSC access required,NO DATA — GSC access required,NO DATA — analytics access required,UNASSESSED,,,
https://mychef.id/blog/fine-dining-guide,/blog/fine-dining-guide,Editorial,Informational,0.8,2026-05-18,TBD — pending keyword mapping,TBD — requires management confirmation,NO DATA — GSC access required,NO DATA — GSC access required,NO DATA — analytics access required,UNASSESSED,,,
https://mychef.id/blog/private-chef-roles-responsibilities-explained,/blog/private-chef-roles-responsibilities-explained,Editorial,Informational,0.8,2026-05-18,TBD — pending keyword mapping,TBD — requires management confirmation,NO DATA — GSC access required,NO DATA — GSC access required,NO DATA — analytics access required,UNASSESSED,,,
https://mychef.id/blog/wedding-private-chef-bali-planning-guide,/blog/wedding-private-chef-bali-planning-guide,Editorial,Informational,0.8,2026-05-18,TBD — pending keyword mapping,TBD — requires management confirmation,NO DATA — GSC access required,NO DATA — GSC access required,NO DATA — analytics access required,UNASSESSED,,,
https://mychef.id/blog/corporate-events-catering-bali-team-dining,/blog/corporate-events-catering-bali-team-dining,Editorial,Informational,0.8,2026-05-18,TBD — pending keyword mapping,TBD — requires management confirmation,NO DATA — GSC access required,NO DATA — GSC access required,NO DATA — analytics access required,UNASSESSED,,,
https://mychef.id/blog/dining-by-location-bali-neighborhood-guide,/blog/dining-by-location-bali-neighborhood-guide,Editorial,Informational,0.8,2026-05-18,TBD — pending keyword mapping,TBD — requires management confirmation,NO DATA — GSC access required,NO DATA — GSC access required,NO DATA — analytics access required,UNASSESSED,,,
https://mychef.id/blog/fine-dining-trends-bali-2026-innovations,/blog/fine-dining-trends-bali-2026-innovations,Editorial,Informational,0.8,2026-05-18,TBD — pending keyword mapping,TBD — requires management confirmation,NO DATA — GSC access required,NO DATA — GSC access required,NO DATA — analytics access required,UNASSESSED,,,
https://mychef.id/blog/seasonal-ingredients-bali-cooking-guide,/blog/seasonal-ingredients-bali-cooking-guide,Editorial,Informational,0.8,2026-05-18,TBD — pending keyword mapping,TBD — requires management confirmation,NO DATA — GSC access required,NO DATA — GSC access required,NO DATA — analytics access required,UNASSESSED,,,
https://mychef.id/blog/private-chef-breakfast-bali-villas,/blog/private-chef-breakfast-bali-villas,Editorial,Informational,0.8,2026-05-17,TBD — pending keyword mapping,TBD — requires management confirmation,NO DATA — GSC access required,NO DATA — GSC access required,NO DATA — analytics access required,UNASSESSED,,,
https://mychef.id/blog/birthday-dinner-bali-villa-without-planner,/blog/birthday-dinner-bali-villa-without-planner,Editorial,Informational,0.8,2026-05-17,TBD — pending keyword mapping,TBD — requires management confirmation,NO DATA — GSC access required,NO DATA — GSC access required,NO DATA — analytics access required,UNASSESSED,,,
https://mychef.id/blog/seminyak-canggu-ubud-uluwatu-private-chef-night,/blog/seminyak-canggu-ubud-uluwatu-private-chef-night,Editorial,Informational,0.8,2026-05-17,TBD — pending keyword mapping,TBD — requires management confirmation,NO DATA — GSC access required,NO DATA — GSC access required,NO DATA — analytics access required,UNASSESSED,,,
https://mychef.id/blog/private-chef-bali-preparation-12-guest-villa-dinner,/blog/private-chef-bali-preparation-12-guest-villa-dinner,Editorial,Informational,0.8,2026-05-17,TBD — pending keyword mapping,TBD — requires management confirmation,NO DATA — GSC access required,NO DATA — GSC access required,NO DATA — analytics access required,UNASSESSED,,,
https://mychef.id/blog/family-kids-menu-private-chef-bali,/blog/family-kids-menu-private-chef-bali,Editorial,Informational,0.8,2026-04-10,TBD — pending keyword mapping,TBD — requires management confirmation,NO DATA — GSC access required,NO DATA — GSC access required,NO DATA — analytics access required,UNASSESSED,,,
https://mychef.id/blog/food-allergies-dietary-requirements-private-chef-bali,/blog/food-allergies-dietary-requirements-private-chef-bali,Editorial,Informational,0.8,2026-04-20,TBD — pending keyword mapping,TBD — requires management confirmation,NO DATA — GSC access required,NO DATA — GSC access required,NO DATA — analytics access required,UNASSESSED,,,
https://mychef.id/blog/event-planning-bali,/blog/event-planning-bali,Editorial,Informational,0.8,2026-05-18,TBD — pending keyword mapping,TBD — requires management confirmation,NO DATA — GSC access required,NO DATA — GSC access required,NO DATA — analytics access required,UNASSESSED,,,
https://mychef.id/blog/bali-wedding-catering-private-chef-timeline,/blog/bali-wedding-catering-private-chef-timeline,Editorial,Informational,0.8,2026-06-26,TBD — pending keyword mapping,TBD — requires management confirmation,NO DATA — GSC access required,NO DATA — GSC access required,NO DATA — analytics access required,UNASSESSED,,,
https://mychef.id/blog/bali-catering-menu,/blog/bali-catering-menu,Editorial,Informational,0.8,2026-05-18,TBD — pending keyword mapping,TBD — requires management confirmation,NO DATA — GSC access required,NO DATA — GSC access required,NO DATA — analytics access required,UNASSESSED,,,
https://mychef.id/journal/michelin-training-bali,/journal/michelin-training-bali,Editorial,Informational,0.8,2026-05-10,TBD — pending keyword mapping,TBD — requires management confirmation,NO DATA — GSC access required,NO DATA — GSC access required,NO DATA — analytics access required,UNASSESSED,,,
https://mychef.id/journal/sustainable-sourcing,/journal/sustainable-sourcing,Editorial,Informational,0.8,2026-05-05,TBD — pending keyword mapping,TBD — requires management confirmation,NO DATA — GSC access required,NO DATA — GSC access required,NO DATA — analytics access required,UNASSESSED,,,
https://mychef.id/journal/private-chef-vs-villa-staff-bali,/journal/private-chef-vs-villa-staff-bali,Editorial,Informational,0.8,2026-05-17,TBD — pending keyword mapping,TBD — requires management confirmation,NO DATA — GSC access required,NO DATA — GSC access required,NO DATA — analytics access required,UNASSESSED,,,
https://mychef.id/journal/bali-private-chef-cost-guide-2026,/journal/bali-private-chef-cost-guide-2026,Editorial,Informational,0.8,2026-05-17,TBD — pending keyword mapping,TBD — requires management confirmation,NO DATA — GSC access required,NO DATA — GSC access required,NO DATA — analytics access required,UNASSESSED,,,
https://mychef.id/journal/villa-wedding-catering-logistics-bali,/journal/villa-wedding-catering-logistics-bali,Editorial,Informational,0.8,2026-05-17,TBD — pending keyword mapping,TBD — requires management confirmation,NO DATA — GSC access required,NO DATA — GSC access required,NO DATA — analytics access required,UNASSESSED,,,
https://mychef.id/journal/yoga-retreat-meal-planning-bali,/journal/yoga-retreat-meal-planning-bali,Editorial,Informational,0.8,2026-05-17,TBD — pending keyword mapping,TBD — requires management confirmation,NO DATA — GSC access required,NO DATA — GSC access required,NO DATA — analytics access required,UNASSESSED,,,
https://mychef.id/journal/private-chef-seminyak-guide,/journal/private-chef-seminyak-guide,Editorial,Informational,0.8,2026-05-18,TBD — pending keyword mapping,TBD — requires management confirmation,NO DATA — GSC access required,NO DATA — GSC access required,NO DATA — analytics access required,UNASSESSED,,,
https://mychef.id/journal/private-chef-canggu-guide,/journal/private-chef-canggu-guide,Editorial,Informational,0.8,2026-05-18,TBD — pending keyword mapping,TBD — requires management confirmation,NO DATA — GSC access required,NO DATA — GSC access required,NO DATA — analytics access required,UNASSESSED,,,
https://mychef.id/journal/private-chef-ubud-villa-dining,/journal/private-chef-ubud-villa-dining,Editorial,Informational,0.8,2026-05-18,TBD — pending keyword mapping,TBD — requires management confirmation,NO DATA — GSC access required,NO DATA — GSC access required,NO DATA — analytics access required,UNASSESSED,,,
https://mychef.id/journal/bali-wedding-catering-complete-guide,/journal/bali-wedding-catering-complete-guide,Editorial,Informational,0.8,2026-05-18,TBD — pending keyword mapping,TBD — requires management confirmation,NO DATA — GSC access required,NO DATA — GSC access required,NO DATA — analytics access required,UNASSESSED,,,
https://mychef.id/journal/rehearsal-dinner-planning-bali,/journal/rehearsal-dinner-planning-bali,Editorial,Informational,0.8,2026-05-20,TBD — pending keyword mapping,TBD — requires management confirmation,NO DATA — GSC access required,NO DATA — GSC access required,NO DATA — analytics access required,UNASSESSED,,,
https://mychef.id/journal/live-in-chef-vs-daily-service,/journal/live-in-chef-vs-daily-service,Editorial,Informational,0.8,2026-05-20,TBD — pending keyword mapping,TBD — requires management confirmation,NO DATA — GSC access required,NO DATA — GSC access required,NO DATA — analytics access required,UNASSESSED,,,
https://mychef.id/journal/bbq-catering-cost-breakdown-bali,/journal/bbq-catering-cost-breakdown-bali,Editorial,Informational,0.8,2026-05-20,TBD — pending keyword mapping,TBD — requires management confirmation,NO DATA — GSC access required,NO DATA — GSC access required,NO DATA — analytics access required,UNASSESSED,,,
https://mychef.id/fine-dining/romantic-dinner,/fine-dining/romantic-dinner,Service,Commercial,0.9,2026-05-19,TBD — pending keyword mapping,TBD — requires management confirmation,NO DATA — GSC access required,NO DATA — GSC access required,NO DATA — analytics access required,UNASSESSED,,,
https://mychef.id/fine-dining/tasting-menu,/fine-dining/tasting-menu,Service,Commercial,0.9,2026-06-03,TBD — pending keyword mapping,TBD — requires management confirmation,NO DATA — GSC access required,NO DATA — GSC access required,NO DATA — analytics access required,UNASSESSED,,,
https://mychef.id/fine-dining/chefs-table,/fine-dining/chefs-table,Service,Commercial,0.9,2026-05-27,TBD — pending keyword mapping,TBD — requires management confirmation,NO DATA — GSC access required,NO DATA — GSC access required,NO DATA — analytics access required,UNASSESSED,,,
https://mychef.id/fine-dining/menus,/fine-dining/menus,Service,Commercial,0.9,2026-06-17,TBD — pending keyword mapping,TBD — requires management confirmation,NO DATA — GSC access required,NO DATA — GSC access required,NO DATA — analytics access required,UNASSESSED,,,
https://mychef.id/fine-dining/our-chefs,/fine-dining/our-chefs,Service,Commercial,0.9,2026-06-19,TBD — pending keyword mapping,TBD — requires management confirmation,NO DATA — GSC access required,NO DATA — GSC access required,NO DATA — analytics access required,UNASSESSED,,,
https://mychef.id/fine-dining/private-chef-bali,/fine-dining/private-chef-bali,Service,Commercial,0.9,2026-05-18,TBD — pending keyword mapping,TBD — requires management confirmation,NO DATA — GSC access required,NO DATA — GSC access required,NO DATA — analytics access required,UNASSESSED,,,
https://mychef.id/catering/bbq-catering,/catering/bbq-catering,Service,Commercial,0.9,2026-06-25,TBD — pending keyword mapping,TBD — requires management confirmation,NO DATA — GSC access required,NO DATA — GSC access required,NO DATA — analytics access required,UNASSESSED,,,
https://mychef.id/catering/buffet,/catering/buffet,Service,Commercial,0.9,2026-05-27,TBD — pending keyword mapping,TBD — requires management confirmation,NO DATA — GSC access required,NO DATA — GSC access required,NO DATA — analytics access required,UNASSESSED,,,
https://mychef.id/catering/plated-catering,/catering/plated-catering,Service,Commercial,0.9,2026-06-28,TBD — pending keyword mapping,TBD — requires management confirmation,NO DATA — GSC access required,NO DATA — GSC access required,NO DATA — analytics access required,UNASSESSED,,,
https://mychef.id/catering/drop-off-catering,/catering/drop-off-catering,Service,Commercial,0.9,2026-05-31,TBD — pending keyword mapping,TBD — requires management confirmation,NO DATA — GSC access required,NO DATA — GSC access required,NO DATA — analytics access required,UNASSESSED,,,
https://mychef.id/catering/babi-guling,/catering/babi-guling,Service,Commercial,0.9,2026-06-16,TBD — pending keyword mapping,TBD — requires management confirmation,NO DATA — GSC access required,NO DATA — GSC access required,NO DATA — analytics access required,UNASSESSED,,,
https://mychef.id/catering/grazing-tables,/catering/grazing-tables,Service,Commercial,0.9,2026-06-05,TBD — pending keyword mapping,TBD — requires management confirmation,NO DATA — GSC access required,NO DATA — GSC access required,NO DATA — analytics access required,UNASSESSED,,,
https://mychef.id/catering/villa-catering,/catering/villa-catering,Service,Commercial,0.9,2026-06-26,TBD — pending keyword mapping,TBD — requires management confirmation,NO DATA — GSC access required,NO DATA — GSC access required,NO DATA — analytics access required,UNASSESSED,,,
https://mychef.id/catering/corporate-catering,/catering/corporate-catering,Service,Commercial,0.9,2026-06-28,TBD — pending keyword mapping,TBD — requires management confirmation,NO DATA — GSC access required,NO DATA — GSC access required,NO DATA — analytics access required,UNASSESSED,,,
https://mychef.id/catering/retreat-catering,/catering/retreat-catering,Service,Commercial,0.9,2026-06-21,TBD — pending keyword mapping,TBD — requires management confirmation,NO DATA — GSC access required,NO DATA — GSC access required,NO DATA — analytics access required,UNASSESSED,,,
https://mychef.id/catering/floating-breakfast,/catering/floating-breakfast,Service,Commercial,0.9,2026-06-16,TBD — pending keyword mapping,TBD — requires management confirmation,NO DATA — GSC access required,NO DATA — GSC access required,NO DATA — analytics access required,UNASSESSED,,,
https://mychef.id/events/weddings,/events/weddings,Service,Commercial,0.9,2026-06-20,TBD — pending keyword mapping,TBD — requires management confirmation,NO DATA — GSC access required,NO DATA — GSC access required,NO DATA — analytics access required,UNASSESSED,,,
https://mychef.id/events/birthdays,/events/birthdays,Service,Commercial,0.9,2026-05-16,TBD — pending keyword mapping,TBD — requires management confirmation,NO DATA — GSC access required,NO DATA — GSC access required,NO DATA — analytics access required,UNASSESSED,,,
https://mychef.id/events/anniversaries,/events/anniversaries,Service,Commercial,0.9,2026-06-25,TBD — pending keyword mapping,TBD — requires management confirmation,NO DATA — GSC access required,NO DATA — GSC access required,NO DATA — analytics access required,UNASSESSED,,,
https://mychef.id/events/corporate-events,/events/corporate-events,Service,Commercial,0.9,2026-06-12,TBD — pending keyword mapping,TBD — requires management confirmation,NO DATA — GSC access required,NO DATA — GSC access required,NO DATA — analytics access required,UNASSESSED,,,
https://mychef.id/events/retreats,/events/retreats,Service,Commercial,0.9,2026-06-12,TBD — pending keyword mapping,TBD — requires management confirmation,NO DATA — GSC access required,NO DATA — GSC access required,NO DATA — analytics access required,UNASSESSED,,,
https://mychef.id/events/baby-showers,/events/baby-showers,Service,Commercial,0.9,2026-06-04,TBD — pending keyword mapping,TBD — requires management confirmation,NO DATA — GSC access required,NO DATA — GSC access required,NO DATA — analytics access required,UNASSESSED,,,
https://mychef.id/events/villa-parties,/events/villa-parties,Service,Commercial,0.9,2026-05-17,TBD — pending keyword mapping,TBD — requires management confirmation,NO DATA — GSC access required,NO DATA — GSC access required,NO DATA — analytics access required,UNASSESSED,,,
https://mychef.id/in-villa-service/waiters,/in-villa-service/waiters,Service,Commercial,0.9,2026-05-18,TBD — pending keyword mapping,TBD — requires management confirmation,NO DATA — GSC access required,NO DATA — GSC access required,NO DATA — analytics access required,UNASSESSED,,,
https://mychef.id/in-villa-service/butlers,/in-villa-service/butlers,Service,Commercial,0.9,2026-06-04,TBD — pending keyword mapping,TBD — requires management confirmation,NO DATA — GSC access required,NO DATA — GSC access required,NO DATA — analytics access required,UNASSESSED,,,
https://mychef.id/in-villa-service/bartenders,/in-villa-service/bartenders,Service,Commercial,0.9,2026-06-02,TBD — pending keyword mapping,TBD — requires management confirmation,NO DATA — GSC access required,NO DATA — GSC access required,NO DATA — analytics access required,UNASSESSED,,,
https://mychef.id/in-villa-service/mixology,/in-villa-service/mixology,Service,Commercial,0.9,2026-06-10,TBD — pending keyword mapping,TBD — requires management confirmation,NO DATA — GSC access required,NO DATA — GSC access required,NO DATA — analytics access required,UNASSESSED,,,
https://mychef.id/in-villa-service/sommelier,/in-villa-service/sommelier,Service,Commercial,0.9,2026-05-22,TBD — pending keyword mapping,TBD — requires management confirmation,NO DATA — GSC access required,NO DATA — GSC access required,NO DATA — analytics access required,UNASSESSED,,,
https://mychef.id/in-villa-service/host-hostess,/in-villa-service/host-hostess,Service,Commercial,0.9,2026-06-05,TBD — pending keyword mapping,TBD — requires management confirmation,NO DATA — GSC access required,NO DATA — GSC access required,NO DATA — analytics access required,UNASSESSED,,,
https://mychef.id/staffing/private-chef-placement,/staffing/private-chef-placement,Service,Commercial,0.9,2026-06-25,TBD — pending keyword mapping,TBD — requires management confirmation,NO DATA — GSC access required,NO DATA — GSC access required,NO DATA — analytics access required,UNASSESSED,,,
https://mychef.id/staffing/live-in-chef,/staffing/live-in-chef,Service,Commercial,0.9,2026-06-27,TBD — pending keyword mapping,TBD — requires management confirmation,NO DATA — GSC access required,NO DATA — GSC access required,NO DATA — analytics access required,UNASSESSED,,,
https://mychef.id/staffing/villa-staff,/staffing/villa-staff,Service,Commercial,0.9,2026-06-24,TBD — pending keyword mapping,TBD — requires management confirmation,NO DATA — GSC access required,NO DATA — GSC access required,NO DATA — analytics access required,UNASSESSED,,,
https://mychef.id/staffing/household-staff,/staffing/household-staff,Service,Commercial,0.9,2026-06-21,TBD — pending keyword mapping,TBD — requires management confirmation,NO DATA — GSC access required,NO DATA — GSC access required,NO DATA — analytics access required,UNASSESSED,,,
https://mychef.id/staffing/for-villa-managers,/staffing/for-villa-managers,Service,Commercial,0.9,2026-06-16,TBD — pending keyword mapping,TBD — requires management confirmation,NO DATA — GSC access required,NO DATA — GSC access required,NO DATA — analytics access required,UNASSESSED,,,
https://mychef.id/staffing/for-hotels-restaurants,/staffing/for-hotels-restaurants,Service,Commercial,0.9,2026-06-27,TBD — pending keyword mapping,TBD — requires management confirmation,NO DATA — GSC access required,NO DATA — GSC access required,NO DATA — analytics access required,UNASSESSED,,,
https://mychef.id/bar-services/,/bar-services/,Service,Commercial,0.9,2026-05-30,TBD — pending keyword mapping,TBD — requires management confirmation,NO DATA — GSC access required,NO DATA — GSC access required,NO DATA — analytics access required,UNASSESSED,,,
https://mychef.id/bar-services/faq/,/bar-services/faq/,Service,Commercial,0.7,2026-05-17,TBD — pending keyword mapping,TBD — requires management confirmation,NO DATA — GSC access required,NO DATA — GSC access required,NO DATA — analytics access required,UNASSESSED,,,
https://mychef.id/bar-services/contact/,/bar-services/contact/,Service,Commercial,0.6,2026-05-29,TBD — pending keyword mapping,TBD — requires management confirmation,NO DATA — GSC access required,NO DATA — GSC access required,NO DATA — analytics access required,UNASSESSED,,,
https://mychef.id/bar-services/resources/,/bar-services/resources/,Service,Commercial,0.8,2026-05-20,TBD — pending keyword mapping,TBD — requires management confirmation,NO DATA — GSC access required,NO DATA — GSC access required,NO DATA — analytics access required,UNASSESSED,,,
https://mychef.id/experiences,/experiences,Service,Commercial,0.9,2026-05-20,TBD — pending keyword mapping,TBD — requires management confirmation,NO DATA — GSC access required,NO DATA — GSC access required,NO DATA — analytics access required,UNASSESSED,,,
https://mychef.id/experiences/private-cocktail-party,/experiences/private-cocktail-party,Service,Commercial,0.8,2026-05-27,TBD — pending keyword mapping,TBD — requires management confirmation,NO DATA — GSC access required,NO DATA — GSC access required,NO DATA — analytics access required,UNASSESSED,,,
https://mychef.id/experiences/sushi-masterclass,/experiences/sushi-masterclass,Service,Commercial,0.8,2026-06-21,TBD — pending keyword mapping,TBD — requires management confirmation,NO DATA — GSC access required,NO DATA — GSC access required,NO DATA — analytics access required,UNASSESSED,,,
https://mychef.id/experiences/private-cooking-class,/experiences/private-cooking-class,Service,Commercial,0.8,2026-05-28,TBD — pending keyword mapping,TBD — requires management confirmation,NO DATA — GSC access required,NO DATA — GSC access required,NO DATA — analytics access required,UNASSESSED,,,
https://mychef.id/experiences/kids-birthday-chef-party,/experiences/kids-birthday-chef-party,Service,Commercial,0.8,2026-06-24,TBD — pending keyword mapping,TBD — requires management confirmation,NO DATA — GSC access required,NO DATA — GSC access required,NO DATA — analytics access required,UNASSESSED,,,
https://mychef.id/experiences/champagne-oyster-experience,/experiences/champagne-oyster-experience,Service,Commercial,0.8,2026-05-19,TBD — pending keyword mapping,TBD — requires management confirmation,NO DATA — GSC access required,NO DATA — GSC access required,NO DATA — analytics access required,UNASSESSED,,,
https://mychef.id/experiences/romantic-proposal-dinner,/experiences/romantic-proposal-dinner,Service,Commercial,0.8,2026-05-20,TBD — pending keyword mapping,TBD — requires management confirmation,NO DATA — GSC access required,NO DATA — GSC access required,NO DATA — analytics access required,UNASSESSED,,,
https://mychef.id/bar-services/bar-staff-training/,/bar-services/bar-staff-training/,Service,Commercial,0.8,2026-06-21,TBD — pending keyword mapping,TBD — requires management confirmation,NO DATA — GSC access required,NO DATA — GSC access required,NO DATA — analytics access required,UNASSESSED,,,
https://mychef.id/bar-services/cocktail-menu-development/,/bar-services/cocktail-menu-development/,Service,Commercial,0.8,2026-06-22,TBD — pending keyword mapping,TBD — requires management confirmation,NO DATA — GSC access required,NO DATA — GSC access required,NO DATA — analytics access required,UNASSESSED,,,
https://mychef.id/bar-services/signature-cocktail-creation/,/bar-services/signature-cocktail-creation/,Service,Commercial,0.8,2026-05-26,TBD — pending keyword mapping,TBD — requires management confirmation,NO DATA — GSC access required,NO DATA — GSC access required,NO DATA — analytics access required,UNASSESSED,,,
https://mychef.id/bar-services/temporary-bartender-staffing/,/bar-services/temporary-bartender-staffing/,Service,Commercial,0.8,2026-06-04,TBD — pending keyword mapping,TBD — requires management confirmation,NO DATA — GSC access required,NO DATA — GSC access required,NO DATA — analytics access required,UNASSESSED,,,
https://mychef.id/bar-services/permanent-bar-staff-recruitment/,/bar-services/permanent-bar-staff-recruitment/,Service,Commercial,0.8,2026-05-29,TBD — pending keyword mapping,TBD — requires management confirmation,NO DATA — GSC access required,NO DATA — GSC access required,NO DATA — analytics access required,UNASSESSED,,,
https://mychef.id/bar-services/new-bar-setup/,/bar-services/new-bar-setup/,Service,Commercial,0.8,2026-06-03,TBD — pending keyword mapping,TBD — requires management confirmation,NO DATA — GSC access required,NO DATA — GSC access required,NO DATA — analytics access required,UNASSESSED,,,
https://mychef.id/bar-services/bar-audit-improvement/,/bar-services/bar-audit-improvement/,Service,Commercial,0.8,2026-05-31,TBD — pending keyword mapping,TBD — requires management confirmation,NO DATA — GSC access required,NO DATA — GSC access required,NO DATA — analytics access required,UNASSESSED,,,
https://mychef.id/bar-services/bar-costing-inventory-control/,/bar-services/bar-costing-inventory-control/,Service,Commercial,0.8,2026-06-25,TBD — pending keyword mapping,TBD — requires management confirmation,NO DATA — GSC access required,NO DATA — GSC access required,NO DATA — analytics access required,UNASSESSED,,,
https://mychef.id/bar-services/bar-equipment-supply-rental/,/bar-services/bar-equipment-supply-rental/,Service,Commercial,0.8,2026-05-18,TBD — pending keyword mapping,TBD — requires management confirmation,NO DATA — GSC access required,NO DATA — GSC access required,NO DATA — analytics access required,UNASSESSED,,,
https://mychef.id/bar-services/monthly-bar-management-support/,/bar-services/monthly-bar-management-support/,Service,Commercial,0.8,2026-06-23,TBD — pending keyword mapping,TBD — requires management confirmation,NO DATA — GSC access required,NO DATA — GSC access required,NO DATA — analytics access required,UNASSESSED,,,
https://mychef.id/bar-services/complete-bar-performance-programme/,/bar-services/complete-bar-performance-programme/,Service,Commercial,0.8,2026-06-12,TBD — pending keyword mapping,TBD — requires management confirmation,NO DATA — GSC access required,NO DATA — GSC access required,NO DATA — analytics access required,UNASSESSED,,,
https://mychef.id/bar-services/resources/how-much-does-a-bartender-cost-bali/,/bar-services/resources/how-much-does-a-bartender-cost-bali/,Service,Commercial,0.8,2026-06-12,TBD — pending keyword mapping,TBD — requires management confirmation,NO DATA — GSC access required,NO DATA — GSC access required,NO DATA — analytics access required,UNASSESSED,,,
https://mychef.id/bar-services/resources/bartender-salary-benchmarks-bali/,/bar-services/resources/bartender-salary-benchmarks-bali/,Service,Commercial,0.8,2026-06-17,TBD — pending keyword mapping,TBD — requires management confirmation,NO DATA — GSC access required,NO DATA — GSC access required,NO DATA — analytics access required,UNASSESSED,,,
https://mychef.id/bar-services/resources/how-many-bartenders-per-guest/,/bar-services/resources/how-many-bartenders-per-guest/,Service,Commercial,0.8,2026-06-14,TBD — pending keyword mapping,TBD — requires management confirmation,NO DATA — GSC access required,NO DATA — GSC access required,NO DATA — analytics access required,UNASSESSED,,,
https://mychef.id/bar-services/resources/beverage-cost-percentage-guide/,/bar-services/resources/beverage-cost-percentage-guide/,Service,Commercial,0.8,2026-06-17,TBD — pending keyword mapping,TBD — requires management confirmation,NO DATA — GSC access required,NO DATA — GSC access required,NO DATA — analytics access required,UNASSESSED,,,
https://mychef.id/bar-services/resources/how-to-open-a-bar-in-bali/,/bar-services/resources/how-to-open-a-bar-in-bali/,Service,Commercial,0.8,2026-05-26,TBD — pending keyword mapping,TBD — requires management confirmation,NO DATA — GSC access required,NO DATA — GSC access required,NO DATA — analytics access required,UNASSESSED,,,
https://mychef.id/bar-services/resources/how-to-create-a-cocktail-menu/,/bar-services/resources/how-to-create-a-cocktail-menu/,Service,Commercial,0.8,2026-06-03,TBD — pending keyword mapping,TBD — requires management confirmation,NO DATA — GSC access required,NO DATA — GSC access required,NO DATA — analytics access required,UNASSESSED,,,
https://mychef.id/bar-services/resources/how-to-reduce-bar-shrinkage-bali/,/bar-services/resources/how-to-reduce-bar-shrinkage-bali/,Service,Commercial,0.8,2026-06-04,TBD — pending keyword mapping,TBD — requires management confirmation,NO DATA — GSC access required,NO DATA — GSC access required,NO DATA — analytics access required,UNASSESSED,,,
https://mychef.id/fine-dining,/fine-dining,Service,Commercial,0.9,2026-06-02,TBD — pending keyword mapping,TBD — requires management confirmation,NO DATA — GSC access required,NO DATA — GSC access required,NO DATA — analytics access required,UNASSESSED,,,
https://mychef.id/catering,/catering,Service,Commercial,0.9,2026-06-11,TBD — pending keyword mapping,TBD — requires management confirmation,NO DATA — GSC access required,NO DATA — GSC access required,NO DATA — analytics access required,UNASSESSED,,,
https://mychef.id/events,/events,Service,Commercial,0.9,2026-05-16,TBD — pending keyword mapping,TBD — requires management confirmation,NO DATA — GSC access required,NO DATA — GSC access required,NO DATA — analytics access required,UNASSESSED,,,
https://mychef.id/in-villa-service,/in-villa-service,Service,Commercial,0.8,2026-06-07,TBD — pending keyword mapping,TBD — requires management confirmation,NO DATA — GSC access required,NO DATA — GSC access required,NO DATA — analytics access required,UNASSESSED,,,
https://mychef.id/villa-event-packages,/villa-event-packages,Standalone landing,Commercial,0.8,2026-06-25,TBD — pending keyword mapping,TBD — requires management confirmation,NO DATA — GSC access required,NO DATA — GSC access required,NO DATA — analytics access required,UNASSESSED,,,
https://mychef.id/vip-transport-bali,/vip-transport-bali,Standalone landing,Commercial,0.8,2026-06-03,TBD — pending keyword mapping,TBD — requires management confirmation,NO DATA — GSC access required,NO DATA — GSC access required,NO DATA — analytics access required,UNASSESSED,,,
https://mychef.id/complete-villa-experience,/complete-villa-experience,Standalone landing,Commercial,0.8,2026-05-29,TBD — pending keyword mapping,TBD — requires management confirmation,NO DATA — GSC access required,NO DATA — GSC access required,NO DATA — analytics access required,UNASSESSED,,,
https://mychef.id/services,/services,Standalone landing,Commercial,0.9,2026-06-27,TBD — pending keyword mapping,TBD — requires management confirmation,NO DATA — GSC access required,NO DATA — GSC access required,NO DATA — analytics access required,UNASSESSED,,,
https://mychef.id/three-course,/three-course,Standalone landing,Commercial,0.8,2026-06-30,TBD — pending keyword mapping,TBD — requires management confirmation,NO DATA — GSC access required,NO DATA — GSC access required,NO DATA — analytics access required,UNASSESSED,,,
https://mychef.id/kids-menus,/kids-menus,Standalone landing,Commercial,0.8,2026-06-30,TBD — pending keyword mapping,TBD — requires management confirmation,NO DATA — GSC access required,NO DATA — GSC access required,NO DATA — analytics access required,UNASSESSED,,,
https://mychef.id/bbq-grill,/bbq-grill,Standalone landing,Commercial,0.8,2026-06-30,TBD — pending keyword mapping,TBD — requires management confirmation,NO DATA — GSC access required,NO DATA — GSC access required,NO DATA — analytics access required,UNASSESSED,,,
https://mychef.id/dining-styles,/dining-styles,Standalone landing,Commercial,0.8,2026-06-30,TBD — pending keyword mapping,TBD — requires management confirmation,NO DATA — GSC access required,NO DATA — GSC access required,NO DATA — analytics access required,UNASSESSED,,,
https://mychef.id/family-styling,/family-styling,Standalone landing,Commercial,0.8,2026-06-30,TBD — pending keyword mapping,TBD — requires management confirmation,NO DATA — GSC access required,NO DATA — GSC access required,NO DATA — analytics access required,UNASSESSED,,,
https://mychef.id/faq,/faq,Conversion support,Trust,0.7,2026-06-30,TBD — pending keyword mapping,TBD — requires management confirmation,NO DATA — GSC access required,NO DATA — GSC access required,NO DATA — analytics access required,UNASSESSED,,,
https://mychef.id/why-mychef,/why-mychef,Conversion support,Trust,0.7,2026-06-30,TBD — pending keyword mapping,TBD — requires management confirmation,NO DATA — GSC access required,NO DATA — GSC access required,NO DATA — analytics access required,UNASSESSED,,,
https://mychef.id/reviews,/reviews,Conversion support,Trust,0.7,2026-06-30,TBD — pending keyword mapping,TBD — requires management confirmation,NO DATA — GSC access required,NO DATA — GSC access required,NO DATA — analytics access required,UNASSESSED,,,
https://mychef.id/help,/help,Support,Informational,0.6,2026-06-30,TBD — pending keyword mapping,TBD — requires management confirmation,NO DATA — GSC access required,NO DATA — GSC access required,NO DATA — analytics access required,UNASSESSED,,,
https://mychef.id/villa-chef,/villa-chef,Standalone landing,Commercial,0.7,2026-06-30,TBD — pending keyword mapping,TBD — requires management confirmation,NO DATA — GSC access required,NO DATA — GSC access required,NO DATA — analytics access required,UNASSESSED,,,
https://mychef.id/recommended-services,/recommended-services,Standalone landing,Commercial,0.6,,TBD — pending keyword mapping,TBD — requires management confirmation,NO DATA — GSC access required,NO DATA — GSC access required,NO DATA — analytics access required,UNASSESSED,,,
https://mychef.id/help/getting-started,/help/getting-started,Support,Informational,0.6,,TBD — pending keyword mapping,TBD — requires management confirmation,NO DATA — GSC access required,NO DATA — GSC access required,NO DATA — analytics access required,UNASSESSED,,,
https://mychef.id/help/pricing,/help/pricing,Support,Informational,0.6,,TBD — pending keyword mapping,TBD — requires management confirmation,NO DATA — GSC access required,NO DATA — GSC access required,NO DATA — analytics access required,UNASSESSED,,,
https://mychef.id/help/menu-guide,/help/menu-guide,Support,Informational,0.6,,TBD — pending keyword mapping,TBD — requires management confirmation,NO DATA — GSC access required,NO DATA — GSC access required,NO DATA — analytics access required,UNASSESSED,,,
https://mychef.id/help/wedding-guide,/help/wedding-guide,Support,Informational,0.6,,TBD — pending keyword mapping,TBD — requires management confirmation,NO DATA — GSC access required,NO DATA — GSC access required,NO DATA — analytics access required,UNASSESSED,,,
https://mychef.id/help/corporate-guide,/help/corporate-guide,Support,Informational,0.6,,TBD — pending keyword mapping,TBD — requires management confirmation,NO DATA — GSC access required,NO DATA — GSC access required,NO DATA — analytics access required,UNASSESSED,,,
https://mychef.id/help/staffing-guide,/help/staffing-guide,Support,Informational,0.6,,TBD — pending keyword mapping,TBD — requires management confirmation,NO DATA — GSC access required,NO DATA — GSC access required,NO DATA — analytics access required,UNASSESSED,,,
https://mychef.id/help/managing-booking,/help/managing-booking,Support,Informational,0.6,,TBD — pending keyword mapping,TBD — requires management confirmation,NO DATA — GSC access required,NO DATA — GSC access required,NO DATA — analytics access required,UNASSESSED,,,
https://mychef.id/locations,/locations,Location guide,Informational,0.8,,TBD — pending keyword mapping,TBD — requires management confirmation,NO DATA — GSC access required,NO DATA — GSC access required,NO DATA — analytics access required,UNASSESSED,,,
https://mychef.id/chefs,/chefs,Proof/Team,Trust,0.8,,TBD — pending keyword mapping,TBD — requires management confirmation,NO DATA — GSC access required,NO DATA — GSC access required,NO DATA — analytics access required,UNASSESSED,,,
https://mychef.id/chefs/adriano,/chefs/adriano,Proof/Team,Trust,0.7,,TBD — pending keyword mapping,TBD — requires management confirmation,NO DATA — GSC access required,NO DATA — GSC access required,NO DATA — analytics access required,UNASSESSED,,,
https://mychef.id/chefs/made-surya,/chefs/made-surya,Proof/Team,Trust,0.7,,TBD — pending keyword mapping,TBD — requires management confirmation,NO DATA — GSC access required,NO DATA — GSC access required,NO DATA — analytics access required,UNASSESSED,,,
https://mychef.id/chefs/bayu-pranata,/chefs/bayu-pranata,Proof/Team,Trust,0.7,,TBD — pending keyword mapping,TBD — requires management confirmation,NO DATA — GSC access required,NO DATA — GSC access required,NO DATA — analytics access required,UNASSESSED,,,
https://mychef.id/chefs/ni-putu-asri,/chefs/ni-putu-asri,Proof/Team,Trust,0.7,,TBD — pending keyword mapping,TBD — requires management confirmation,NO DATA — GSC access required,NO DATA — GSC access required,NO DATA — analytics access required,UNASSESSED,,,
https://mychef.id/chefs/wayan-suarjana,/chefs/wayan-suarjana,Proof/Team,Trust,0.7,,TBD — pending keyword mapping,TBD — requires management confirmation,NO DATA — GSC access required,NO DATA — GSC access required,NO DATA — analytics access required,UNASSESSED,,,
https://mychef.id/chefs/ketut-mahardika,/chefs/ketut-mahardika,Proof/Team,Trust,0.7,,TBD — pending keyword mapping,TBD — requires management confirmation,NO DATA — GSC access required,NO DATA — GSC access required,NO DATA — analytics access required,UNASSESSED,,,
https://mychef.id/chefs/sari-dewi-kusuma,/chefs/sari-dewi-kusuma,Proof/Team,Trust,0.7,,TBD — pending keyword mapping,TBD — requires management confirmation,NO DATA — GSC access required,NO DATA — GSC access required,NO DATA — analytics access required,UNASSESSED,,,
https://mychef.id/chefs/komang-artha,/chefs/komang-artha,Proof/Team,Trust,0.7,,TBD — pending keyword mapping,TBD — requires management confirmation,NO DATA — GSC access required,NO DATA — GSC access required,NO DATA — analytics access required,UNASSESSED,,,
https://mychef.id/corporate-case-studies,/corporate-case-studies,Standalone landing,Commercial,0.7,,TBD — pending keyword mapping,TBD — requires management confirmation,NO DATA — GSC access required,NO DATA — GSC access required,NO DATA — analytics access required,UNASSESSED,,,
https://mychef.id/journal,/journal,Editorial,Informational,0.8,,TBD — pending keyword mapping,TBD — requires management confirmation,NO DATA — GSC access required,NO DATA — GSC access required,NO DATA — analytics access required,UNASSESSED,,,
https://mychef.id/pricing,/pricing,Conversion support,Trust,0.8,,TBD — pending keyword mapping,TBD — requires management confirmation,NO DATA — GSC access required,NO DATA — GSC access required,NO DATA — analytics access required,UNASSESSED,,,
https://mychef.id/staffing,/staffing,Service,Commercial,0.8,,TBD — pending keyword mapping,TBD — requires management confirmation,NO DATA — GSC access required,NO DATA — GSC access required,NO DATA — analytics access required,UNASSESSED,,,
https://mychef.id/contact,/contact,Conversion support,Trust,0.5,,TBD — pending keyword mapping,TBD — requires management confirmation,NO DATA — GSC access required,NO DATA — GSC access required,NO DATA — analytics access required,UNASSESSED,,,
https://mychef.id/certified-partner,/certified-partner,Standalone landing,Commercial,0.5,,TBD — pending keyword mapping,TBD — requires management confirmation,NO DATA — GSC access required,NO DATA — GSC access required,NO DATA — analytics access required,UNASSESSED,,,
https://mychef.id/press,/press,Conversion support,Trust,0.3,,TBD — pending keyword mapping,TBD — requires management confirmation,NO DATA — GSC access required,NO DATA — GSC access required,NO DATA — analytics access required,UNASSESSED,,,
https://mychef.id/privacy,/privacy,Policy,Compliance,0.3,,TBD — pending keyword mapping,TBD — requires management confirmation,NO DATA — GSC access required,NO DATA — GSC access required,NO DATA — analytics access required,UNASSESSED,,,
https://mychef.id/terms,/terms,Policy,Compliance,0.3,,TBD — pending keyword mapping,TBD — requires management confirmation,NO DATA — GSC access required,NO DATA — GSC access required,NO DATA — analytics access required,UNASSESSED,,,
https://mychef.id/cancellation,/cancellation,Policy,Compliance,0.3,,TBD — pending keyword mapping,TBD — requires management confirmation,NO DATA — GSC access required,NO DATA — GSC access required,NO DATA — analytics access required,UNASSESSED,,,
https://mychef.id/blog/drop-off-catering-bali,/blog/drop-off-catering-bali,Editorial,Informational,0.8,,TBD — pending keyword mapping,TBD — requires management confirmation,NO DATA — GSC access required,NO DATA — GSC access required,NO DATA — analytics access required,UNASSESSED,,,
https://mychef.id/blog/hostess-hire-bali,/blog/hostess-hire-bali,Editorial,Informational,0.8,,TBD — pending keyword mapping,TBD — requires management confirmation,NO DATA — GSC access required,NO DATA — GSC access required,NO DATA — analytics access required,UNASSESSED,,,
https://mychef.id/blog/chef-for-photoshoot-bali,/blog/chef-for-photoshoot-bali,Editorial,Informational,0.8,,TBD — pending keyword mapping,TBD — requires management confirmation,NO DATA — GSC access required,NO DATA — GSC access required,NO DATA — analytics access required,UNASSESSED,,,
https://mychef.id/blog/tasting-menu-bali,/blog/tasting-menu-bali,Editorial,Informational,0.8,,TBD — pending keyword mapping,TBD — requires management confirmation,NO DATA — GSC access required,NO DATA — GSC access required,NO DATA — analytics access required,UNASSESSED,,,
https://mychef.id/blog/luxury-dining-bali,/blog/luxury-dining-bali,Editorial,Informational,0.8,,TBD — pending keyword mapping,TBD — requires management confirmation,NO DATA — GSC access required,NO DATA — GSC access required,NO DATA — analytics access required,UNASSESSED,,,
https://mychef.id/blog/fine-dining-at-home-bali,/blog/fine-dining-at-home-bali,Editorial,Informational,0.8,,TBD — pending keyword mapping,TBD — requires management confirmation,NO DATA — GSC access required,NO DATA — GSC access required,NO DATA — analytics access required,UNASSESSED,,,
https://mychef.id/blog/holiday-chef-bali,/blog/holiday-chef-bali,Editorial,Informational,0.8,,TBD — pending keyword mapping,TBD — requires management confirmation,NO DATA — GSC access required,NO DATA — GSC access required,NO DATA — analytics access required,UNASSESSED,,,
https://mychef.id/blog/dietary-specific-chef-bali,/blog/dietary-specific-chef-bali,Editorial,Informational,0.8,,TBD — pending keyword mapping,TBD — requires management confirmation,NO DATA — GSC access required,NO DATA — GSC access required,NO DATA — analytics access required,UNASSESSED,,,
https://mychef.id/blog/hotel-restaurant-chef-staffing,/blog/hotel-restaurant-chef-staffing,Editorial,Informational,0.8,,TBD — pending keyword mapping,TBD — requires management confirmation,NO DATA — GSC access required,NO DATA — GSC access required,NO DATA — analytics access required,UNASSESSED,,,
https://mychef.id/blog/indonesian-street-food-private-chef-bali,/blog/indonesian-street-food-private-chef-bali,Editorial,Informational,0.8,,TBD — pending keyword mapping,TBD — requires management confirmation,NO DATA — GSC access required,NO DATA — GSC access required,NO DATA — analytics access required,UNASSESSED,,,
